plot_install_year,target_stand,region_symbol,thinning_intensity,species,marker_label,regional_forest_service,long,lat
2012,aPd,동부01,a무간벌,소나무,target_stand: 소나무<br/>plot_install_year: 2012<br/>region_symbol: 동부01<br/>thinning_intensity: a무간벌<br/>,bEast,129.18957503500008,37.28025829400008
2012,aPd,동부01,b약도간벌,소나무,target_stand: 소나무<br/>plot_install_year: 2012<br/>region_symbol: 동부01<br/>thinning_intensity: b약도간벌<br/>,bEast,129.19003335800005,37.280452754000066
2012,aPd,동부01,c강도간벌,소나무,target_stand: 소나무<br/>plot_install_year: 2012<br/>region_symbol: 동부01<br/>thinning_intensity: c강도간벌<br/>,bEast,129.19009446200005,37.280072216000065
2012,aPd,동부02,a무간벌,소나무,target_stand: 소나무<br/>plot_install_year: 2012<br/>region_symbol: 동부02<br/>thinning_intensity: a무간벌<br/>,bEast,129.20216666500005,37.29348334500003
2012,aPd,동부02,b약도간벌,소나무,target_stand: 소나무<br/>plot_install_year: 2012<br/>region_symbol: 동부02<br/>thinning_intensity: b약도간벌<br/>,bEast,129.20177774500007,37.293572193000045
2012,aPd,동부02,c강도간벌,소나무,target_stand: 소나무<br/>plot_install_year: 2012<br/>region_symbol: 동부02<br/>thinning_intensity: c강도간벌<br/>,bEast,129.20127835100004,37.293761037000024
2012,aPd,동부03,a무간벌,소나무,target_stand: 소나무<br/>plot_install_year: 2012<br/>region_symbol: 동부03<br/>thinning_intensity: a무간벌<br/>,bEast,128.79028099800007,37.48519532300003
2012,aPd,동부03,b약도간벌,소나무,target_stand: 소나무<br/>plot_install_year: 2012<br/>region_symbol: 동부03<br/>thinning_intensity: b약도간벌<br/>,bEast,128.79048052200005,37.48576663400007
2012,aPd,동부03,c강도간벌,소나무,target_stand: 소나무<br/>plot_install_year: 2012<br/>region_symbol: 동부03<br/>thinning_intensity: c강도간벌<br/>,bEast,128.79069442900004,37.485400010000035
2012,aPd,동부04,a무간벌,소나무,target_stand: 소나무<br/>plot_install_year: 2012<br/>region_symbol: 동부04<br/>thinning_intensity: a무간벌<br/>,bEast,128.92074720000005,37.540069465000045
2012,aPd,동부04,b약도간벌,소나무,target_stand: 소나무<br/>plot_install_year: 2012<br/>region_symbol: 동부04<br/>thinning_intensity: b약도간벌<br/>,bEast,128.92080553800008,37.54030558300008
2012,aPd,동부04,c강도간벌,소나무,target_stand: 소나무<br/>plot_install_year: 2012<br/>region_symbol: 동부04<br/>thinning_intensity: c강도간벌<br/>,bEast,128.92096940400006,37.540633315000036
2012,aPd,동부05,a무간벌,소나무,target_stand: 소나무<br/>plot_install_year: 2012<br/>region_symbol: 동부05<br/>thinning_intensity: a무간벌<br/>,bEast,128.8152305220001,37.52046947400004
2012,aPd,동부05,b약도간벌,소나무,target_stand: 소나무<br/>plot_install_year: 2012<br/>region_symbol: 동부05<br/>thinning_intensity: b약도간벌<br/>,bEast,128.81416392500012,37.520608362000075
2012,aPd,동부05,c강도간벌,소나무,target_stand: 소나무<br/>plot_install_year: 2012<br/>region_symbol: 동부05<br/>thinning_intensity: c강도간벌<br/>,bEast,128.81478888000004,37.52047224000006
2012,aPd,동부06,a무간벌,소나무,target_stand: 소나무<br/>plot_install_year: 2012<br/>region_symbol: 동부06<br/>thinning_intensity: a무간벌<br/>,bEast,128.77693058900002,37.702586101000065
2012,aPd,동부06,b약도간벌,소나무,target_stand: 소나무<br/>plot_install_year: 2012<br/>region_symbol: 동부06<br/>thinning_intensity: b약도간벌<br/>,bEast,128.77654996700005,37.70279724200003
2012,aPd,동부06,c강도간벌,소나무,target_stand: 소나무<br/>plot_install_year: 2012<br/>region_symbol: 동부06<br/>thinning_intensity: c강도간벌<br/>,bEast,128.77615274900006,37.70312497400005
2012,aPd,동부07,a무간벌,소나무,target_stand: 소나무<br/>plot_install_year: 2012<br/>region_symbol: 동부07<br/>thinning_intensity: a무간벌<br/>,bEast,128.5832055290001,38.01751390100003
2012,aPd,동부07,b약도간벌,소나무,target_stand: 소나무<br/>plot_install_year: 2012<br/>region_symbol: 동부07<br/>thinning_intensity: b약도간벌<br/>,bEast,128.58280831000002,38.01743058500006
2012,aPd,동부07,c강도간벌,소나무,target_stand: 소나무<br/>plot_install_year: 2012<br/>region_symbol: 동부07<br/>thinning_intensity: c강도간벌<br/>,bEast,128.58259163800005,38.01780559100007
2012,aPd,동부08,a무간벌,소나무,target_stand: 소나무<br/>plot_install_year: 2012<br/>region_symbol: 동부08<br/>thinning_intensity: a무간벌<br/>,bEast,128.61630281400005,38.04739723000006
2012,aPd,동부08,b약도간벌,소나무,target_stand: 소나무<br/>plot_install_year: 2012<br/>region_symbol: 동부08<br/>thinning_intensity: b약도간벌<br/>,bEast,128.61544719000005,38.04736387000003
2012,aPd,동부08,c강도간벌,소나무,target_stand: 소나무<br/>plot_install_year: 2012<br/>region_symbol: 동부08<br/>thinning_intensity: c강도간벌<br/>,bEast,128.616072228,38.04713890000005
2012,bPk,북부01,a무간벌,잣나무,target_stand: 잣나무<br/>plot_install_year: 2012<br/>region_symbol: 북부01<br/>thinning_intensity: a무간벌<br/>,aNorth,127.85755833300004,37.82401666700008
2012,bPk,북부01,b약도간벌,잣나무,target_stand: 잣나무<br/>plot_install_year: 2012<br/>region_symbol: 북부01<br/>thinning_intensity: b약도간벌<br/>,aNorth,127.85731388900001,37.82332500000007
2012,bPk,북부01,c강도간벌,잣나무,target_stand: 잣나무<br/>plot_install_year: 2012<br/>region_symbol: 북부01<br/>thinning_intensity: c강도간벌<br/>,aNorth,127.85743055600005,37.82340277800006
2012,bPk,북부03,a무간벌,잣나무,target_stand: 잣나무<br/>plot_install_year: 2012<br/>region_symbol: 북부03<br/>thinning_intensity: a무간벌<br/>,aNorth,127.84670000000006,37.82046666700006
2012,bPk,북부03,b약도간벌,잣나무,target_stand: 잣나무<br/>plot_install_year: 2012<br/>region_symbol: 북부03<br/>thinning_intensity: b약도간벌<br/>,aNorth,127.84696666700006,37.820550000000026
2012,bPk,북부03,c강도간벌,잣나무,target_stand: 잣나무<br/>plot_install_year: 2012<br/>region_symbol: 북부03<br/>thinning_intensity: c강도간벌<br/>,aNorth,127.84743333300003,37.82056666700004
2012,bPk,북부04,a무간벌,잣나무,target_stand: 잣나무<br/>plot_install_year: 2012<br/>region_symbol: 북부04<br/>thinning_intensity: a무간벌<br/>,aNorth,127.8526388890001,37.801380556000026
2012,bPk,북부04,b약도간벌,잣나무,target_stand: 잣나무<br/>plot_install_year: 2012<br/>region_symbol: 북부04<br/>thinning_intensity: b약도간벌<br/>,aNorth,127.85227222200001,37.80147500000004
2012,bPk,북부04,c강도간벌,잣나무,target_stand: 잣나무<br/>plot_install_year: 2012<br/>region_symbol: 북부04<br/>thinning_intensity: c강도간벌<br/>,aNorth,127.85271388900003,37.80164444400003
2012,bPk,북부05,a무간벌,잣나무,target_stand: 잣나무<br/>plot_install_year: 2012<br/>region_symbol: 북부05<br/>thinning_intensity: a무간벌<br/>,aNorth,127.84999592700001,37.826333300000044
2012,bPk,북부05,b약도간벌,잣나무,target_stand: 잣나무<br/>plot_install_year: 2012<br/>region_symbol: 북부05<br/>thinning_intensity: b약도간벌<br/>,aNorth,127.85133902300004,37.82678973800006
2012,bPk,북부05,c강도간벌,잣나무,target_stand: 잣나무<br/>plot_install_year: 2012<br/>region_symbol: 북부05<br/>thinning_intensity: c강도간벌<br/>,aNorth,127.85081339300007,37.82665476100004
2012,bPk,북부15,a무간벌,잣나무,target_stand: 잣나무<br/>plot_install_year: 2012<br/>region_symbol: 북부15<br/>thinning_intensity: a무간벌<br/>,aNorth,127.80285555600005,37.64236111100007
2012,bPk,북부15,b약도간벌,잣나무,target_stand: 잣나무<br/>plot_install_year: 2012<br/>region_symbol: 북부15<br/>thinning_intensity: b약도간벌<br/>,aNorth,127.80160296500003,37.64237118600005
2012,bPk,북부15,c강도간벌,잣나무,target_stand: 잣나무<br/>plot_install_year: 2012<br/>region_symbol: 북부15<br/>thinning_intensity: c강도간벌<br/>,aNorth,127.80238333300008,37.64233888900003
2012,bPk,북부16,a무간벌,잣나무,target_stand: 잣나무<br/>plot_install_year: 2012<br/>region_symbol: 북부16<br/>thinning_intensity: a무간벌<br/>,aNorth,128.0037694440001,37.84251666700004
2012,bPk,북부16,b약도간벌,잣나무,target_stand: 잣나무<br/>plot_install_year: 2012<br/>region_symbol: 북부16<br/>thinning_intensity: b약도간벌<br/>,aNorth,128.00419722200002,37.84300555600004
2012,bPk,북부16,c강도간벌,잣나무,target_stand: 잣나무<br/>plot_install_year: 2012<br/>region_symbol: 북부16<br/>thinning_intensity: c강도간벌<br/>,aNorth,128.00356944400005,37.84275555600004
2012,bPk,북부02,a무간벌,잣나무,target_stand: 잣나무<br/>plot_install_year: 2012<br/>region_symbol: 북부02<br/>thinning_intensity: a무간벌<br/>,aNorth,127.8124166670001,37.79940000000005
2012,bPk,북부02,b약도간벌,잣나무,target_stand: 잣나무<br/>plot_install_year: 2012<br/>region_symbol: 북부02<br/>thinning_intensity: b약도간벌<br/>,aNorth,127.81320833300003,37.79899166700005
2012,bPk,북부02,c강도간벌,잣나무,target_stand: 잣나무<br/>plot_install_year: 2012<br/>region_symbol: 북부02<br/>thinning_intensity: c강도간벌<br/>,aNorth,127.81308055600005,37.799088889000075
2012,bPk,북부06,a무간벌,잣나무,target_stand: 잣나무<br/>plot_install_year: 2012<br/>region_symbol: 북부06<br/>thinning_intensity: a무간벌<br/>,aNorth,127.79910277800002,37.799666667000054
2012,bPk,북부06,b약도간벌,잣나무,target_stand: 잣나무<br/>plot_install_year: 2012<br/>region_symbol: 북부06<br/>thinning_intensity: b약도간벌<br/>,aNorth,127.79910277800002,37.79947222200008
2012,bPk,북부06,c강도간벌,잣나무,target_stand: 잣나무<br/>plot_install_year: 2012<br/>region_symbol: 북부06<br/>thinning_intensity: c강도간벌<br/>,aNorth,127.79975833300011,37.79942222200003
2012,bPk,북부07,a무간벌,잣나무,target_stand: 잣나무<br/>plot_install_year: 2012<br/>region_symbol: 북부07<br/>thinning_intensity: a무간벌<br/>,aNorth,127.80736666700011,37.79683611100006
2012,bPk,북부07,b약도간벌,잣나무,target_stand: 잣나무<br/>plot_install_year: 2012<br/>region_symbol: 북부07<br/>thinning_intensity: b약도간벌<br/>,aNorth,127.80806471200003,37.79681060200005
2012,bPk,북부07,c강도간벌,잣나무,target_stand: 잣나무<br/>plot_install_year: 2012<br/>region_symbol: 북부07<br/>thinning_intensity: c강도간벌<br/>,aNorth,127.80757475600001,37.796640584000045
2012,bPk,북부13,a무간벌,잣나무,target_stand: 잣나무<br/>plot_install_year: 2012<br/>region_symbol: 북부13<br/>thinning_intensity: a무간벌<br/>,aNorth,127.87072222200004,37.88500000000005
2012,bPk,북부13,b약도간벌,잣나무,target_stand: 잣나무<br/>plot_install_year: 2012<br/>region_symbol: 북부13<br/>thinning_intensity: b약도간벌<br/>,aNorth,127.87036111100008,37.88516666700008
2012,bPk,북부13,c강도간벌,잣나무,target_stand: 잣나무<br/>plot_install_year: 2012<br/>region_symbol: 북부13<br/>thinning_intensity: c강도간벌<br/>,aNorth,127.87036111100008,37.88480555600006
2012,bPk,북부14,a무간벌,잣나무,target_stand: 잣나무<br/>plot_install_year: 2012<br/>region_symbol: 북부14<br/>thinning_intensity: a무간벌<br/>,aNorth,127.8536944440001,37.841138889000035
2012,bPk,북부14,b약도간벌,잣나무,target_stand: 잣나무<br/>plot_install_year: 2012<br/>region_symbol: 북부14<br/>thinning_intensity: b약도간벌<br/>,aNorth,127.85333333300002,37.84102777800007
2012,bPk,북부14,c강도간벌,잣나무,target_stand: 잣나무<br/>plot_install_year: 2012<br/>region_symbol: 북부14<br/>thinning_intensity: c강도간벌<br/>,aNorth,127.85333333300002,37.84095000000008
2012,bPk,북부08,a무간벌,잣나무,target_stand: 잣나무<br/>plot_install_year: 2012<br/>region_symbol: 북부08<br/>thinning_intensity: a무간벌<br/>,aNorth,127.73207777800008,37.50836944400004
2012,bPk,북부08,b약도간벌,잣나무,target_stand: 잣나무<br/>plot_install_year: 2012<br/>region_symbol: 북부08<br/>thinning_intensity: b약도간벌<br/>,aNorth,127.73243611100008,37.50853333300006
2012,bPk,북부08,c강도간벌,잣나무,target_stand: 잣나무<br/>plot_install_year: 2012<br/>region_symbol: 북부08<br/>thinning_intensity: c강도간벌<br/>,aNorth,127.73259118600004,37.50818568900007
2012,bPk,북부09,a무간벌,잣나무,target_stand: 잣나무<br/>plot_install_year: 2012<br/>region_symbol: 북부09<br/>thinning_intensity: a무간벌<br/>,aNorth,127.7330472220001,37.490516667000065
2012,bPk,북부09,b약도간벌,잣나무,target_stand: 잣나무<br/>plot_install_year: 2012<br/>region_symbol: 북부09<br/>thinning_intensity: b약도간벌<br/>,aNorth,127.73347777800006,37.48907500000007
2012,bPk,북부09,c강도간벌,잣나무,target_stand: 잣나무<br/>plot_install_year: 2012<br/>region_symbol: 북부09<br/>thinning_intensity: c강도간벌<br/>,aNorth,127.73285555600012,37.49039722200007
2012,bPk,북부10,a무간벌,잣나무,target_stand: 잣나무<br/>plot_install_year: 2012<br/>region_symbol: 북부10<br/>thinning_intensity: a무간벌<br/>,aNorth,128.29227777800008,37.938083333000066
2012,bPk,북부10,b약도간벌,잣나무,target_stand: 잣나무<br/>plot_install_year: 2012<br/>region_symbol: 북부10<br/>thinning_intensity: b약도간벌<br/>,aNorth,128.292444444,37.93772222200005
2012,bPk,북부10,c강도간벌,잣나무,target_stand: 잣나무<br/>plot_install_year: 2012<br/>region_symbol: 북부10<br/>thinning_intensity: c강도간벌<br/>,aNorth,128.29254957600006,37.93806915300007
2012,bPk,북부11,a무간벌,잣나무,target_stand: 잣나무<br/>plot_install_year: 2012<br/>region_symbol: 북부11<br/>thinning_intensity: a무간벌<br/>,aNorth,128.24169830900007,38.02157548900004
2012,bPk,북부11,b약도간벌,잣나무,target_stand: 잣나무<br/>plot_install_year: 2012<br/>region_symbol: 북부11<br/>thinning_intensity: b약도간벌<br/>,aNorth,128.2413472830001,38.02171543000003
2012,bPk,북부11,c강도간벌,잣나무,target_stand: 잣나무<br/>plot_install_year: 2012<br/>region_symbol: 북부11<br/>thinning_intensity: c강도간벌<br/>,aNorth,128.24157064000008,38.021192978000045
2012,bPk,북부12,a무간벌,잣나무,target_stand: 잣나무<br/>plot_install_year: 2012<br/>region_symbol: 북부12<br/>thinning_intensity: a무간벌<br/>,aNorth,128.3279988160001,38.199342871000056
2012,bPk,북부12,b약도간벌,잣나무,target_stand: 잣나무<br/>plot_install_year: 2012<br/>region_symbol: 북부12<br/>thinning_intensity: b약도간벌<br/>,aNorth,128.328033193,38.199565574000076
2012,bPk,북부12,c강도간벌,잣나무,target_stand: 잣나무<br/>plot_install_year: 2012<br/>region_symbol: 북부12<br/>thinning_intensity: c강도간벌<br/>,aNorth,128.32808583400003,38.19900304300006
2013,cLk,남부01,a무간벌,낙엽송,target_stand: 낙엽송<br/>plot_install_year: 2013<br/>region_symbol: 남부01<br/>thinning_intensity: a무간벌<br/>,cSouth,128.58344813100007,37.00689080700005
2013,cLk,남부01,b약도간벌,낙엽송,target_stand: 낙엽송<br/>plot_install_year: 2013<br/>region_symbol: 남부01<br/>thinning_intensity: b약도간벌<br/>,cSouth,128.58364800900006,37.00724696700007
2013,cLk,남부01,c강도간벌,낙엽송,target_stand: 낙엽송<br/>plot_install_year: 2013<br/>region_symbol: 남부01<br/>thinning_intensity: c강도간벌<br/>,cSouth,128.5829491080001,37.00703193800007
2013,cLk,남부08,a무간벌,낙엽송,target_stand: 낙엽송<br/>plot_install_year: 2013<br/>region_symbol: 남부08<br/>thinning_intensity: a무간벌<br/>,cSouth,128.58044629300002,36.99430852000006
2013,cLk,남부08,b약도간벌,낙엽송,target_stand: 낙엽송<br/>plot_install_year: 2013<br/>region_symbol: 남부08<br/>thinning_intensity: b약도간벌<br/>,cSouth,128.58010900200009,36.993600978000075
2013,cLk,남부08,c강도간벌,낙엽송,target_stand: 낙엽송<br/>plot_install_year: 2013<br/>region_symbol: 남부08<br/>thinning_intensity: c강도간벌<br/>,cSouth,128.58027898700004,36.99398595800005
2013,cLk,남부09,a무간벌,낙엽송,target_stand: 낙엽송<br/>plot_install_year: 2013<br/>region_symbol: 남부09<br/>thinning_intensity: a무간벌<br/>,cSouth,128.52369896100004,36.94707202700005
2013,cLk,남부09,b약도간벌,낙엽송,target_stand: 낙엽송<br/>plot_install_year: 2013<br/>region_symbol: 남부09<br/>thinning_intensity: b약도간벌<br/>,cSouth,128.52380217100006,36.94674672600007
2013,cLk,남부09,c강도간벌,낙엽송,target_stand: 낙엽송<br/>plot_install_year: 2013<br/>region_symbol: 남부09<br/>thinning_intensity: c강도간벌<br/>,cSouth,128.52391136200004,36.946509597000045
2013,cLk,남부10,a무간벌,낙엽송,target_stand: 낙엽송<br/>plot_install_year: 2013<br/>region_symbol: 남부10<br/>thinning_intensity: a무간벌<br/>,cSouth,128.49977774900003,36.923358611000026
2013,cLk,남부10,b약도간벌,낙엽송,target_stand: 낙엽송<br/>plot_install_year: 2013<br/>region_symbol: 남부10<br/>thinning_intensity: b약도간벌<br/>,cSouth,128.49947702100008,36.92302099400007
2013,cLk,남부10,c강도간벌,낙엽송,target_stand: 낙엽송<br/>plot_install_year: 2013<br/>region_symbol: 남부10<br/>thinning_intensity: c강도간벌<br/>,cSouth,128.50021078800012,36.92312782100004
2013,cLk,남부11,a무간벌,낙엽송,target_stand: 낙엽송<br/>plot_install_year: 2013<br/>region_symbol: 남부11<br/>thinning_intensity: a무간벌<br/>,cSouth,128.4577919730001,36.90378301800007
2013,cLk,남부11,b약도간벌,낙엽송,target_stand: 낙엽송<br/>plot_install_year: 2013<br/>region_symbol: 남부11<br/>thinning_intensity: b약도간벌<br/>,cSouth,128.4577010580001,36.90397816800004
2013,cLk,남부11,c강도간벌,낙엽송,target_stand: 낙엽송<br/>plot_install_year: 2013<br/>region_symbol: 남부11<br/>thinning_intensity: c강도간벌<br/>,cSouth,128.45807011400007,36.904026129000044
2013,cLk,남부12,a무간벌,낙엽송,target_stand: 낙엽송<br/>plot_install_year: 2013<br/>region_symbol: 남부12<br/>thinning_intensity: a무간벌<br/>,cSouth,129.10763296300001,36.881936006000046
2013,cLk,남부12,c강도간벌,낙엽송,target_stand: 낙엽송<br/>plot_install_year: 2013<br/>region_symbol: 남부12<br/>thinning_intensity: c강도간벌<br/>,cSouth,129.1074824740001,36.882149308000066
2013,cLk,남부12,b약도간벌,낙엽송,target_stand: 낙엽송<br/>plot_install_year: 2013<br/>region_symbol: 남부12<br/>thinning_intensity: b약도간벌<br/>,cSouth,129.10744908100003,36.88175460400004
2013,cLk,남부13,a무간벌,낙엽송,target_stand: 낙엽송<br/>plot_install_year: 2013<br/>region_symbol: 남부13<br/>thinning_intensity: a무간벌<br/>,cSouth,128.68605801800004,37.03038001400006
2013,cLk,남부13,b약도간벌,낙엽송,target_stand: 낙엽송<br/>plot_install_year: 2013<br/>region_symbol: 남부13<br/>thinning_intensity: b약도간벌<br/>,cSouth,128.68716803400002,37.02993501900005
2013,cLk,남부13,c강도간벌,낙엽송,target_stand: 낙엽송<br/>plot_install_year: 2013<br/>region_symbol: 남부13<br/>thinning_intensity: c강도간벌<br/>,cSouth,128.68622711700004,37.029846117000034
2013,cLk,남부02,a무간벌,낙엽송,target_stand: 낙엽송<br/>plot_install_year: 2013<br/>region_symbol: 남부02<br/>thinning_intensity: a무간벌<br/>,cSouth,129.2282629660001,36.612505009000074
2013,cLk,남부02,b약도간벌,낙엽송,target_stand: 낙엽송<br/>plot_install_year: 2013<br/>region_symbol: 남부02<br/>thinning_intensity: b약도간벌<br/>,cSouth,129.22772702800012,36.61304103200007
2013,cLk,남부02,c강도간벌,낙엽송,target_stand: 낙엽송<br/>plot_install_year: 2013<br/>region_symbol: 남부02<br/>thinning_intensity: c강도간벌<br/>,cSouth,129.22816397600002,36.61288403900005
2013,cLk,남부03,a무간벌,낙엽송,target_stand: 낙엽송<br/>plot_install_year: 2013<br/>region_symbol: 남부03<br/>thinning_intensity: a무간벌<br/>,cSouth,129.184985288,36.58617446300008
2013,cLk,남부03,b약도간벌,낙엽송,target_stand: 낙엽송<br/>plot_install_year: 2013<br/>region_symbol: 남부03<br/>thinning_intensity: b약도간벌<br/>,cSouth,129.18449996000004,36.58629999500005
2013,cLk,남부03,c강도간벌,낙엽송,target_stand: 낙엽송<br/>plot_install_year: 2013<br/>region_symbol: 남부03<br/>thinning_intensity: c강도간벌<br/>,cSouth,129.18448931500006,36.58599095400007
2013,cLk,남부04,a무간벌,낙엽송,target_stand: 낙엽송<br/>plot_install_year: 2013<br/>region_symbol: 남부04<br/>thinning_intensity: a무간벌<br/>,cSouth,129.07581199000003,36.74580602000003
2013,cLk,남부04,b약도간벌,낙엽송,target_stand: 낙엽송<br/>plot_install_year: 2013<br/>region_symbol: 남부04<br/>thinning_intensity: b약도간벌<br/>,cSouth,129.07634549400007,36.74594355200003
2013,cLk,남부04,c강도간벌,낙엽송,target_stand: 낙엽송<br/>plot_install_year: 2013<br/>region_symbol: 남부04<br/>thinning_intensity: c강도간벌<br/>,cSouth,129.07585362700001,36.746229767000045
2013,cLk,남부05,a무간벌,낙엽송,target_stand: 낙엽송<br/>plot_install_year: 2013<br/>region_symbol: 남부05<br/>thinning_intensity: a무간벌<br/>,cSouth,129.10776225100005,36.78386975700005
2013,cLk,남부05,b약도간벌,낙엽송,target_stand: 낙엽송<br/>plot_install_year: 2013<br/>region_symbol: 남부05<br/>thinning_intensity: b약도간벌<br/>,cSouth,129.10726571200007,36.78389805000006
2013,cLk,남부05,c강도간벌,낙엽송,target_stand: 낙엽송<br/>plot_install_year: 2013<br/>region_symbol: 남부05<br/>thinning_intensity: c강도간벌<br/>,cSouth,129.1078615120001,36.78418003000007
2013,cLk,남부14,a무간벌,낙엽송,target_stand: 낙엽송<br/>plot_install_year: 2013<br/>region_symbol: 남부14<br/>thinning_intensity: a무간벌<br/>,cSouth,129.17667402900008,36.76020101600005
2013,cLk,남부14,b약도간벌,낙엽송,target_stand: 낙엽송<br/>plot_install_year: 2013<br/>region_symbol: 남부14<br/>thinning_intensity: b약도간벌<br/>,cSouth,129.17721044600012,36.760483960000045
2013,cLk,남부14,c강도간벌,낙엽송,target_stand: 낙엽송<br/>plot_install_year: 2013<br/>region_symbol: 남부14<br/>thinning_intensity: c강도간벌<br/>,cSouth,129.17688860500004,36.76039508200006
2013,cLk,남부06,a무간벌,낙엽송,target_stand: 낙엽송<br/>plot_install_year: 2013<br/>region_symbol: 남부06<br/>thinning_intensity: a무간벌<br/>,cSouth,129.21294596000007,36.999225000000024
2013,cLk,남부06,b약도간벌,낙엽송,target_stand: 낙엽송<br/>plot_install_year: 2013<br/>region_symbol: 남부06<br/>thinning_intensity: b약도간벌<br/>,cSouth,129.2125670150001,36.99961197600004
2013,cLk,남부06,c강도간벌,낙엽송,target_stand: 낙엽송<br/>plot_install_year: 2013<br/>region_symbol: 남부06<br/>thinning_intensity: c강도간벌<br/>,cSouth,129.2123977440001,36.99900984800007
2013,cLk,남부07,a무간벌,낙엽송,target_stand: 낙엽송<br/>plot_install_year: 2013<br/>region_symbol: 남부07<br/>thinning_intensity: a무간벌<br/>,cSouth,129.14458174900005,36.93701351500005
2013,cLk,남부07,b약도간벌,낙엽송,target_stand: 낙엽송<br/>plot_install_year: 2013<br/>region_symbol: 남부07<br/>thinning_intensity: b약도간벌<br/>,cSouth,129.14441847900002,36.936432628000034
2013,cLk,남부07,c강도간벌,낙엽송,target_stand: 낙엽송<br/>plot_install_year: 2013<br/>region_symbol: 남부07<br/>thinning_intensity: c강도간벌<br/>,cSouth,129.1444067010001,36.93677304900007
2013,cLk,남부15,a무간벌,낙엽송,target_stand: 낙엽송<br/>plot_install_year: 2013<br/>region_symbol: 남부15<br/>thinning_intensity: a무간벌<br/>,cSouth,129.13978591500006,36.96294420600003
2013,cLk,남부15,b약도간벌,낙엽송,target_stand: 낙엽송<br/>plot_install_year: 2013<br/>region_symbol: 남부15<br/>thinning_intensity: b약도간벌<br/>,cSouth,129.13919803700003,36.963058999000054
2013,cLk,남부15,c강도간벌,낙엽송,target_stand: 낙엽송<br/>plot_install_year: 2013<br/>region_symbol: 남부15<br/>thinning_intensity: c강도간벌<br/>,cSouth,129.13981997400003,36.963348007000036
2013,cLk,동부01,a무간벌,낙엽송,target_stand: 낙엽송<br/>plot_install_year: 2013<br/>region_symbol: 동부01<br/>thinning_intensity: a무간벌<br/>,bEast,128.96647249500006,37.11547141700004
2013,cLk,동부01,b약도간벌,낙엽송,target_stand: 낙엽송<br/>plot_install_year: 2013<br/>region_symbol: 동부01<br/>thinning_intensity: b약도간벌<br/>,bEast,128.96655539300002,37.11576388000003
2013,cLk,동부01,c강도간벌,낙엽송,target_stand: 낙엽송<br/>plot_install_year: 2013<br/>region_symbol: 동부01<br/>thinning_intensity: c강도간벌<br/>,bEast,128.9660790680001,37.11582842400003
2013,cLk,동부02,a무간벌,낙엽송,target_stand: 낙엽송<br/>plot_install_year: 2013<br/>region_symbol: 동부02<br/>thinning_intensity: a무간벌<br/>,bEast,128.92791605000002,37.20873265100005
2013,cLk,동부02,b약도간벌,낙엽송,target_stand: 낙엽송<br/>plot_install_year: 2013<br/>region_symbol: 동부02<br/>thinning_intensity: b약도간벌<br/>,bEast,128.92838202400003,37.20848699100003
2013,cLk,동부02,c강도간벌,낙엽송,target_stand: 낙엽송<br/>plot_install_year: 2013<br/>region_symbol: 동부02<br/>thinning_intensity: c강도간벌<br/>,bEast,128.92831304100002,37.20908998500005
2013,cLk,동부08,a무간벌,낙엽송,target_stand: 낙엽송<br/>plot_install_year: 2013<br/>region_symbol: 동부08<br/>thinning_intensity: a무간벌<br/>,bEast,128.7742570140001,37.55888700500003
2013,cLk,동부08,b약도간벌,낙엽송,target_stand: 낙엽송<br/>plot_install_year: 2013<br/>region_symbol: 동부08<br/>thinning_intensity: b약도간벌<br/>,bEast,128.7737370000001,37.55876001900003
2013,cLk,동부08,c강도간벌,낙엽송,target_stand: 낙엽송<br/>plot_install_year: 2013<br/>region_symbol: 동부08<br/>thinning_intensity: c강도간벌<br/>,bEast,128.7739430270001,37.55912002200006
2013,cLk,동부09,a무간벌,낙엽송,target_stand: 낙엽송<br/>plot_install_year: 2013<br/>region_symbol: 동부09<br/>thinning_intensity: a무간벌<br/>,bEast,128.70624977800003,37.560446873000046
2013,cLk,동부09,b약도간벌,낙엽송,target_stand: 낙엽송<br/>plot_install_year: 2013<br/>region_symbol: 동부09<br/>thinning_intensity: b약도간벌<br/>,bEast,128.70571802400002,37.560889022000026
2013,cLk,동부09,c강도간벌,낙엽송,target_stand: 낙엽송<br/>plot_install_year: 2013<br/>region_symbol: 동부09<br/>thinning_intensity: c강도간벌<br/>,bEast,128.70612552800003,37.56071095800007
2013,cLk,동부10,a무간벌,낙엽송,target_stand: 낙엽송<br/>plot_install_year: 2013<br/>region_symbol: 동부10<br/>thinning_intensity: a무간벌<br/>,bEast,128.93803067400006,37.69618890500004
2013,cLk,동부10,b약도간벌,낙엽송,target_stand: 낙엽송<br/>plot_install_year: 2013<br/>region_symbol: 동부10<br/>thinning_intensity: b약도간벌<br/>,bEast,128.93869604000008,37.69675497900005
2013,cLk,동부10,c강도간벌,낙엽송,target_stand: 낙엽송<br/>plot_install_year: 2013<br/>region_symbol: 동부10<br/>thinning_intensity: c강도간벌<br/>,bEast,128.93930800300006,37.69748797600005
2013,cLk,동부03,a무간벌,낙엽송,target_stand: 낙엽송<br/>plot_install_year: 2013<br/>region_symbol: 동부03<br/>thinning_intensity: a무간벌<br/>,bEast,128.8982039880001,37.473615976000076
2013,cLk,동부03,b약도간벌,낙엽송,target_stand: 낙엽송<br/>plot_install_year: 2013<br/>region_symbol: 동부03<br/>thinning_intensity: b약도간벌<br/>,bEast,128.89832301100012,37.47392803400004
2013,cLk,동부03,c강도간벌,낙엽송,target_stand: 낙엽송<br/>plot_install_year: 2013<br/>region_symbol: 동부03<br/>thinning_intensity: c강도간벌<br/>,bEast,128.898845036,37.47401503800006
2013,cLk,동부04,a무간벌,낙엽송,target_stand: 낙엽송<br/>plot_install_year: 2013<br/>region_symbol: 동부04<br/>thinning_intensity: a무간벌<br/>,bEast,128.98886097600007,37.48656299900006
2013,cLk,동부04,b약도간벌,낙엽송,target_stand: 낙엽송<br/>plot_install_year: 2013<br/>region_symbol: 동부04<br/>thinning_intensity: b약도간벌<br/>,bEast,128.98865897200005,37.48660599800007
2013,cLk,동부04,c강도간벌,낙엽송,target_stand: 낙엽송<br/>plot_install_year: 2013<br/>region_symbol: 동부04<br/>thinning_intensity: c강도간벌<br/>,bEast,128.9883849680001,37.486480018000066
2013,cLk,동부05,a무간벌,낙엽송,target_stand: 낙엽송<br/>plot_install_year: 2013<br/>region_symbol: 동부05<br/>thinning_intensity: a무간벌<br/>,bEast,128.9405539720001,37.51660499700006
2013,cLk,동부05,b약도간벌,낙엽송,target_stand: 낙엽송<br/>plot_install_year: 2013<br/>region_symbol: 동부05<br/>thinning_intensity: b약도간벌<br/>,bEast,128.94007100700003,37.517014034000056
2013,cLk,동부05,c강도간벌,낙엽송,target_stand: 낙엽송<br/>plot_install_year: 2013<br/>region_symbol: 동부05<br/>thinning_intensity: c강도간벌<br/>,bEast,128.94003798300002,37.516830973000026
2013,cLk,동부06,a무간벌,낙엽송,target_stand: 낙엽송<br/>plot_install_year: 2013<br/>region_symbol: 동부06<br/>thinning_intensity: a무간벌<br/>,bEast,128.96270901900004,37.49304296400004
2013,cLk,동부06,b약도간벌,낙엽송,target_stand: 낙엽송<br/>plot_install_year: 2013<br/>region_symbol: 동부06<br/>thinning_intensity: b약도간벌<br/>,bEast,128.96233996400008,37.49324698000004
2013,cLk,동부06,c강도간벌,낙엽송,target_stand: 낙엽송<br/>plot_install_year: 2013<br/>region_symbol: 동부06<br/>thinning_intensity: c강도간벌<br/>,bEast,128.96253299900002,37.492978005000055
2013,cLk,동부07,a무간벌,낙엽송,target_stand: 낙엽송<br/>plot_install_year: 2013<br/>region_symbol: 동부07<br/>thinning_intensity: a무간벌<br/>,bEast,128.89717795900003,37.563069994000045
2013,cLk,동부07,b약도간벌,낙엽송,target_stand: 낙엽송<br/>plot_install_year: 2013<br/>region_symbol: 동부07<br/>thinning_intensity: b약도간벌<br/>,bEast,128.89666004100002,37.56296798600005
2013,cLk,동부07,c강도간벌,낙엽송,target_stand: 낙엽송<br/>plot_install_year: 2013<br/>region_symbol: 동부07<br/>thinning_intensity: c강도간벌<br/>,bEast,128.89726898600009,37.56346503300006
2013,cLk,동부11,a무간벌,낙엽송,target_stand: 낙엽송<br/>plot_install_year: 2013<br/>region_symbol: 동부11<br/>thinning_intensity: a무간벌<br/>,bEast,128.44548887100007,37.421328851000055
2013,cLk,동부11,b약도간벌,낙엽송,target_stand: 낙엽송<br/>plot_install_year: 2013<br/>region_symbol: 동부11<br/>thinning_intensity: b약도간벌<br/>,bEast,128.44571700300003,37.420877963000066
2013,cLk,동부11,c강도간벌,낙엽송,target_stand: 낙엽송<br/>plot_install_year: 2013<br/>region_symbol: 동부11<br/>thinning_intensity: c강도간벌<br/>,bEast,128.44507503300008,37.420632038000065
2013,cLk,동부12,a무간벌,낙엽송,target_stand: 낙엽송<br/>plot_install_year: 2013<br/>region_symbol: 동부12<br/>thinning_intensity: a무간벌<br/>,bEast,128.43904903200007,37.40537001800004
2013,cLk,동부12,b약도간벌,낙엽송,target_stand: 낙엽송<br/>plot_install_year: 2013<br/>region_symbol: 동부12<br/>thinning_intensity: b약도간벌<br/>,bEast,128.43958698200004,37.40491999300008
2013,cLk,동부12,c강도간벌,낙엽송,target_stand: 낙엽송<br/>plot_install_year: 2013<br/>region_symbol: 동부12<br/>thinning_intensity: c강도간벌<br/>,bEast,128.4397800170001,37.40533498100007
2013,cLk,동부13,a무간벌,낙엽송,target_stand: 낙엽송<br/>plot_install_year: 2013<br/>region_symbol: 동부13<br/>thinning_intensity: a무간벌<br/>,bEast,128.43322496700011,37.39753313800003
2013,cLk,동부13,b약도간벌,낙엽송,target_stand: 낙엽송<br/>plot_install_year: 2013<br/>region_symbol: 동부13<br/>thinning_intensity: b약도간벌<br/>,bEast,128.4337049820001,37.39806099800006
2013,cLk,동부13,c강도간벌,낙엽송,target_stand: 낙엽송<br/>plot_install_year: 2013<br/>region_symbol: 동부13<br/>thinning_intensity: c강도간벌<br/>,bEast,128.43375090900008,37.39766114200006
2013,cLk,동부14,a무간벌,낙엽송,target_stand: 낙엽송<br/>plot_install_year: 2013<br/>region_symbol: 동부14<br/>thinning_intensity: a무간벌<br/>,bEast,128.54230481600007,37.53958568400003
2013,cLk,동부14,b약도간벌,낙엽송,target_stand: 낙엽송<br/>plot_install_year: 2013<br/>region_symbol: 동부14<br/>thinning_intensity: b약도간벌<br/>,bEast,128.5429997020001,37.53984056100006
2013,cLk,동부14,c강도간벌,낙엽송,target_stand: 낙엽송<br/>plot_install_year: 2013<br/>region_symbol: 동부14<br/>thinning_intensity: c강도간벌<br/>,bEast,128.543114811,37.53910426300007
2013,cLk,동부15,a무간벌,낙엽송,target_stand: 낙엽송<br/>plot_install_year: 2013<br/>region_symbol: 동부15<br/>thinning_intensity: a무간벌<br/>,bEast,128.54580161500007,37.53773999600003
2013,cLk,동부15,b약도간벌,낙엽송,target_stand: 낙엽송<br/>plot_install_year: 2013<br/>region_symbol: 동부15<br/>thinning_intensity: b약도간벌<br/>,bEast,128.5448926680001,37.53796175900004
2013,cLk,동부15,c강도간벌,낙엽송,target_stand: 낙엽송<br/>plot_install_year: 2013<br/>region_symbol: 동부15<br/>thinning_intensity: c강도간벌<br/>,bEast,128.54493702800005,37.53844496800008
2013,cLk,북부01,a무간벌,낙엽송,target_stand: 낙엽송<br/>plot_install_year: 2013<br/>region_symbol: 북부01<br/>thinning_intensity: a무간벌<br/>,aNorth,127.61710301000005,37.84941500100007
2013,cLk,북부01,b약도간벌,낙엽송,target_stand: 낙엽송<br/>plot_install_year: 2013<br/>region_symbol: 북부01<br/>thinning_intensity: b약도간벌<br/>,aNorth,127.61703603900003,37.84901702800005
2013,cLk,북부01,c강도간벌,낙엽송,target_stand: 낙엽송<br/>plot_install_year: 2013<br/>region_symbol: 북부01<br/>thinning_intensity: c강도간벌<br/>,aNorth,127.61691098100005,37.849327996000056
2013,cLk,북부11,a무간벌,낙엽송,target_stand: 낙엽송<br/>plot_install_year: 2013<br/>region_symbol: 북부11<br/>thinning_intensity: a무간벌<br/>,aNorth,127.57279484500009,37.79940202800003
2013,cLk,북부11,b약도간벌,낙엽송,target_stand: 낙엽송<br/>plot_install_year: 2013<br/>region_symbol: 북부11<br/>thinning_intensity: b약도간벌<br/>,aNorth,127.57152800400002,37.799053928000035
2013,cLk,북부11,c강도간벌,낙엽송,target_stand: 낙엽송<br/>plot_install_year: 2013<br/>region_symbol: 북부11<br/>thinning_intensity: c강도간벌<br/>,aNorth,127.57242905900011,37.799023334000026
2013,cLk,북부02,a무간벌,낙엽송,target_stand: 낙엽송<br/>plot_install_year: 2013<br/>region_symbol: 북부02<br/>thinning_intensity: a무간벌<br/>,aNorth,128.21159670100008,37.99585472800004
2013,cLk,북부02,b약도간벌,낙엽송,target_stand: 낙엽송<br/>plot_install_year: 2013<br/>region_symbol: 북부02<br/>thinning_intensity: b약도간벌<br/>,aNorth,128.2123488090001,37.99598556900003
2013,cLk,북부02,c강도간벌,낙엽송,target_stand: 낙엽송<br/>plot_install_year: 2013<br/>region_symbol: 북부02<br/>thinning_intensity: c강도간벌<br/>,aNorth,128.2114150650001,37.995509980000065
2013,cLk,북부03,a무간벌,낙엽송,target_stand: 낙엽송<br/>plot_install_year: 2013<br/>region_symbol: 북부03<br/>thinning_intensity: a무간벌<br/>,aNorth,128.300887858,38.06805426300008
2013,cLk,북부03,b약도간벌,낙엽송,target_stand: 낙엽송<br/>plot_install_year: 2013<br/>region_symbol: 북부03<br/>thinning_intensity: b약도간벌<br/>,aNorth,128.30133704500008,38.06793406600008
2013,cLk,북부03,c강도간벌,낙엽송,target_stand: 낙엽송<br/>plot_install_year: 2013<br/>region_symbol: 북부03<br/>thinning_intensity: c강도간벌<br/>,aNorth,128.3013543950001,38.06856262500003
2013,cLk,북부04,a무간벌,낙엽송,target_stand: 낙엽송<br/>plot_install_year: 2013<br/>region_symbol: 북부04<br/>thinning_intensity: a무간벌<br/>,aNorth,128.06745101700005,38.070162982000056
2013,cLk,북부04,b약도간벌,낙엽송,target_stand: 낙엽송<br/>plot_install_year: 2013<br/>region_symbol: 북부04<br/>thinning_intensity: b약도간벌<br/>,aNorth,128.06690703100003,38.06915204000006
2013,cLk,북부04,c강도간벌,낙엽송,target_stand: 낙엽송<br/>plot_install_year: 2013<br/>region_symbol: 북부04<br/>thinning_intensity: c강도간벌<br/>,aNorth,128.06697601500002,38.06911599800003
2013,cLk,북부05,a무간벌,낙엽송,target_stand: 낙엽송<br/>plot_install_year: 2013<br/>region_symbol: 북부05<br/>thinning_intensity: a무간벌<br/>,aNorth,128.07731098500005,38.07944501800006
2013,cLk,북부05,b약도간벌,낙엽송,target_stand: 낙엽송<br/>plot_install_year: 2013<br/>region_symbol: 북부05<br/>thinning_intensity: b약도간벌<br/>,aNorth,128.07614900200008,38.079151986000056
2013,cLk,북부05,c강도간벌,낙엽송,target_stand: 낙엽송<br/>plot_install_year: 2013<br/>region_symbol: 북부05<br/>thinning_intensity: c강도간벌<br/>,aNorth,128.0764530130001,38.079325994000044
2013,cLk,북부06,a무간벌,낙엽송,target_stand: 낙엽송<br/>plot_install_year: 2013<br/>region_symbol: 북부06<br/>thinning_intensity: a무간벌<br/>,aNorth,128.0673380290001,38.078624010000055
2013,cLk,북부06,b약도간벌,낙엽송,target_stand: 낙엽송<br/>plot_install_year: 2013<br/>region_symbol: 북부06<br/>thinning_intensity: b약도간벌<br/>,aNorth,128.0671220270001,38.078357968000034
2013,cLk,북부06,c강도간벌,낙엽송,target_stand: 낙엽송<br/>plot_install_year: 2013<br/>region_symbol: 북부06<br/>thinning_intensity: c강도간벌<br/>,aNorth,128.06661601200005,38.07803199600005
2013,cLk,북부07,a무간벌,낙엽송,target_stand: 낙엽송<br/>plot_install_year: 2013<br/>region_symbol: 북부07<br/>thinning_intensity: a무간벌<br/>,aNorth,127.99855303000004,38.222632986000065
2013,cLk,북부07,b약도간벌,낙엽송,target_stand: 낙엽송<br/>plot_install_year: 2013<br/>region_symbol: 북부07<br/>thinning_intensity: b약도간벌<br/>,aNorth,127.99909601000002,38.222105009000074
2013,cLk,북부07,c강도간벌,낙엽송,target_stand: 낙엽송<br/>plot_install_year: 2013<br/>region_symbol: 북부07<br/>thinning_intensity: c강도간벌<br/>,aNorth,127.99882502300011,38.22264698300006
2013,cLk,북부08,a무간벌,낙엽송,target_stand: 낙엽송<br/>plot_install_year: 2013<br/>region_symbol: 북부08<br/>thinning_intensity: a무간벌<br/>,aNorth,128.41288332800002,37.73416668200008
2013,cLk,북부08,b약도간벌,낙엽송,target_stand: 낙엽송<br/>plot_install_year: 2013<br/>region_symbol: 북부08<br/>thinning_intensity: b약도간벌<br/>,aNorth,128.41343334900012,37.733516665000025
2013,cLk,북부08,c강도간벌,낙엽송,target_stand: 낙엽송<br/>plot_install_year: 2013<br/>region_symbol: 북부08<br/>thinning_intensity: c강도간벌<br/>,aNorth,128.4123364090001,37.73514099400006
2013,cLk,북부09,a무간벌,낙엽송,target_stand: 낙엽송<br/>plot_install_year: 2013<br/>region_symbol: 북부09<br/>thinning_intensity: a무간벌<br/>,aNorth,128.420661902,37.756321058000026
2013,cLk,북부09,b약도간벌,낙엽송,target_stand: 낙엽송<br/>plot_install_year: 2013<br/>region_symbol: 북부09<br/>thinning_intensity: b약도간벌<br/>,aNorth,128.42106867600012,37.756165992000035
2013,cLk,북부09,c강도간벌,낙엽송,target_stand: 낙엽송<br/>plot_install_year: 2013<br/>region_symbol: 북부09<br/>thinning_intensity: c강도간벌<br/>,aNorth,128.42054572900008,37.75641694700005
2013,cLk,북부10,a무간벌,낙엽송,target_stand: 낙엽송<br/>plot_install_year: 2013<br/>region_symbol: 북부10<br/>thinning_intensity: a무간벌<br/>,aNorth,128.25080967500003,37.70474729100005
2013,cLk,북부10,b약도간벌,낙엽송,target_stand: 낙엽송<br/>plot_install_year: 2013<br/>region_symbol: 북부10<br/>thinning_intensity: b약도간벌<br/>,aNorth,128.250986785,37.70395972800003
2013,cLk,북부10,c강도간벌,낙엽송,target_stand: 낙엽송<br/>plot_install_year: 2013<br/>region_symbol: 북부10<br/>thinning_intensity: c강도간벌<br/>,aNorth,128.25075938400005,37.704279162000034
2013,cLk,북부12,a무간벌,낙엽송,target_stand: 낙엽송<br/>plot_install_year: 2013<br/>region_symbol: 북부12<br/>thinning_intensity: a무간벌<br/>,aNorth,128.151127975,37.83705102300007
2013,cLk,북부12,b약도간벌,낙엽송,target_stand: 낙엽송<br/>plot_install_year: 2013<br/>region_symbol: 북부12<br/>thinning_intensity: b약도간벌<br/>,aNorth,128.15191696400007,37.83824603100004
2013,cLk,북부12,c강도간벌,낙엽송,target_stand: 낙엽송<br/>plot_install_year: 2013<br/>region_symbol: 북부12<br/>thinning_intensity: c강도간벌<br/>,aNorth,128.15130198400004,37.837819979000074
2013,cLk,북부13,a무간벌,낙엽송,target_stand: 낙엽송<br/>plot_install_year: 2013<br/>region_symbol: 북부13<br/>thinning_intensity: a무간벌<br/>,aNorth,128.17571897100004,37.83843998800006
2013,cLk,북부13,b약도간벌,낙엽송,target_stand: 낙엽송<br/>plot_install_year: 2013<br/>region_symbol: 북부13<br/>thinning_intensity: b약도간벌<br/>,aNorth,128.1759929750001,37.83788401600003
2013,cLk,북부13,c강도간벌,낙엽송,target_stand: 낙엽송<br/>plot_install_year: 2013<br/>region_symbol: 북부13<br/>thinning_intensity: c강도간벌<br/>,aNorth,128.17437904000008,37.83833102300008
2013,cLk,북부14,a무간벌,낙엽송,target_stand: 낙엽송<br/>plot_install_year: 2013<br/>region_symbol: 북부14<br/>thinning_intensity: a무간벌<br/>,aNorth,128.15079496200008,37.834986979000064
2013,cLk,북부14,b약도간벌,낙엽송,target_stand: 낙엽송<br/>plot_install_year: 2013<br/>region_symbol: 북부14<br/>thinning_intensity: b약도간벌<br/>,aNorth,128.150620032,37.83518001400006
2013,cLk,북부14,c강도간벌,낙엽송,target_stand: 낙엽송<br/>plot_install_year: 2013<br/>region_symbol: 북부14<br/>thinning_intensity: c강도간벌<br/>,aNorth,128.1505959760001,37.83550296900006
2013,cLk,북부15,a무간벌,낙엽송,target_stand: 낙엽송<br/>plot_install_year: 2013<br/>region_symbol: 북부15<br/>thinning_intensity: a무간벌<br/>,aNorth,127.79656098200007,37.67954299200005
2013,cLk,북부15,b약도간벌,낙엽송,target_stand: 낙엽송<br/>plot_install_year: 2013<br/>region_symbol: 북부15<br/>thinning_intensity: b약도간벌<br/>,aNorth,127.7967489880001,37.67880002000004
2013,cLk,북부15,c강도간벌,낙엽송,target_stand: 낙엽송<br/>plot_install_year: 2013<br/>region_symbol: 북부15<br/>thinning_intensity: c강도간벌<br/>,aNorth,127.79608698600009,37.67912498700008
2014,bPk,남부01,a무간벌,잣나무,target_stand: 잣나무<br/>plot_install_year: 2014<br/>region_symbol: 남부01<br/>thinning_intensity: a무간벌<br/>,cSouth,129.23871084100006,36.55327043500006
2014,bPk,남부01,b약도간벌,잣나무,target_stand: 잣나무<br/>plot_install_year: 2014<br/>region_symbol: 남부01<br/>thinning_intensity: b약도간벌<br/>,cSouth,129.2386610530001,36.552611617000025
2014,bPk,남부01,c강도간벌,잣나무,target_stand: 잣나무<br/>plot_install_year: 2014<br/>region_symbol: 남부01<br/>thinning_intensity: c강도간벌<br/>,cSouth,129.23835226300002,36.55298670700006
2014,bPk,남부02,a무간벌,잣나무,target_stand: 잣나무<br/>plot_install_year: 2014<br/>region_symbol: 남부02<br/>thinning_intensity: a무간벌<br/>,cSouth,129.19496082700005,36.580174500000055
2014,bPk,남부02,b약도간벌,잣나무,target_stand: 잣나무<br/>plot_install_year: 2014<br/>region_symbol: 남부02<br/>thinning_intensity: b약도간벌<br/>,cSouth,129.1948978790001,36.580542466000054
2014,bPk,남부02,c강도간벌,잣나무,target_stand: 잣나무<br/>plot_install_year: 2014<br/>region_symbol: 남부02<br/>thinning_intensity: c강도간벌<br/>,cSouth,129.19480475600005,36.579867136000075
2014,bPk,남부05,a무간벌,잣나무,target_stand: 잣나무<br/>plot_install_year: 2014<br/>region_symbol: 남부05<br/>thinning_intensity: a무간벌<br/>,cSouth,129.25220696300005,36.80779396600008
2014,bPk,남부05,b약도간벌,잣나무,target_stand: 잣나무<br/>plot_install_year: 2014<br/>region_symbol: 남부05<br/>thinning_intensity: b약도간벌<br/>,cSouth,129.25191963100008,36.807996640000056
2014,bPk,남부05,c강도간벌,잣나무,target_stand: 잣나무<br/>plot_install_year: 2014<br/>region_symbol: 남부05<br/>thinning_intensity: c강도간벌<br/>,cSouth,129.2525160030001,36.80794098400003
2014,bPk,남부06,a무간벌,잣나무,target_stand: 잣나무<br/>plot_install_year: 2014<br/>region_symbol: 남부06<br/>thinning_intensity: a무간벌<br/>,cSouth,129.1895342150001,36.76344238200005
2014,bPk,남부06,b약도간벌,잣나무,target_stand: 잣나무<br/>plot_install_year: 2014<br/>region_symbol: 남부06<br/>thinning_intensity: b약도간벌<br/>,cSouth,129.18934000700006,36.76273201600003
2014,bPk,남부06,c강도간벌,잣나무,target_stand: 잣나무<br/>plot_install_year: 2014<br/>region_symbol: 남부06<br/>thinning_intensity: c강도간벌<br/>,cSouth,129.189323746,36.763083050000034
2014,bPk,남부07,a무간벌,잣나무,target_stand: 잣나무<br/>plot_install_year: 2014<br/>region_symbol: 남부07<br/>thinning_intensity: a무간벌<br/>,cSouth,129.24442621000003,36.67212473200004
2014,bPk,남부07,b약도간벌,잣나무,target_stand: 잣나무<br/>plot_install_year: 2014<br/>region_symbol: 남부07<br/>thinning_intensity: b약도간벌<br/>,cSouth,129.24473600500005,36.67210503500007
2014,bPk,남부07,c강도간벌,잣나무,target_stand: 잣나무<br/>plot_install_year: 2014<br/>region_symbol: 남부07<br/>thinning_intensity: c강도간벌<br/>,cSouth,129.24467699600007,36.671770010000046
2014,bPk,남부08,a무간벌,잣나무,target_stand: 잣나무<br/>plot_install_year: 2014<br/>region_symbol: 남부08<br/>thinning_intensity: a무간벌<br/>,cSouth,128.50515412000004,36.92557991900003
2014,bPk,남부08,b약도간벌,잣나무,target_stand: 잣나무<br/>plot_install_year: 2014<br/>region_symbol: 남부08<br/>thinning_intensity: b약도간벌<br/>,cSouth,128.5041841310001,36.92496727200006
2014,bPk,남부08,c강도간벌,잣나무,target_stand: 잣나무<br/>plot_install_year: 2014<br/>region_symbol: 남부08<br/>thinning_intensity: c강도간벌<br/>,cSouth,128.50546698100004,36.92600403000006
2014,bPk,남부09,a무간벌,잣나무,target_stand: 잣나무<br/>plot_install_year: 2014<br/>region_symbol: 남부09<br/>thinning_intensity: a무간벌<br/>,cSouth,128.4701359180001,36.907472648000066
2014,bPk,남부09,b약도간벌,잣나무,target_stand: 잣나무<br/>plot_install_year: 2014<br/>region_symbol: 남부09<br/>thinning_intensity: b약도간벌<br/>,cSouth,128.4709404130001,36.907780599000034
2014,bPk,남부09,c강도간벌,잣나무,target_stand: 잣나무<br/>plot_install_year: 2014<br/>region_symbol: 남부09<br/>thinning_intensity: c강도간벌<br/>,cSouth,128.47052601200005,36.907667024000034
2014,bPk,남부10,a무간벌,잣나무,target_stand: 잣나무<br/>plot_install_year: 2014<br/>region_symbol: 남부10<br/>thinning_intensity: a무간벌<br/>,cSouth,129.0262592680001,36.85562102100005
2014,bPk,남부10,b약도간벌,잣나무,target_stand: 잣나무<br/>plot_install_year: 2014<br/>region_symbol: 남부10<br/>thinning_intensity: b약도간벌<br/>,cSouth,129.0268750020001,36.85525640800006
2014,bPk,남부10,c강도간벌,잣나무,target_stand: 잣나무<br/>plot_install_year: 2014<br/>region_symbol: 남부10<br/>thinning_intensity: c강도간벌<br/>,cSouth,129.02630126100007,36.856021844000054
2014,bPk,남부13,a무간벌,잣나무,target_stand: 잣나무<br/>plot_install_year: 2014<br/>region_symbol: 남부13<br/>thinning_intensity: a무간벌<br/>,cSouth,128.43731498300008,36.89389899400004
2014,bPk,남부13,b약도간벌,잣나무,target_stand: 잣나무<br/>plot_install_year: 2014<br/>region_symbol: 남부13<br/>thinning_intensity: b약도간벌<br/>,cSouth,128.4370259750001,36.89406797300006
2014,bPk,남부13,c강도간벌,잣나무,target_stand: 잣나무<br/>plot_install_year: 2014<br/>region_symbol: 남부13<br/>thinning_intensity: c강도간벌<br/>,cSouth,128.43656203700004,36.894831983000074
2014,bPk,남부14,a무간벌,잣나무,target_stand: 잣나무<br/>plot_install_year: 2014<br/>region_symbol: 남부14<br/>thinning_intensity: a무간벌<br/>,cSouth,128.443023981,36.89413502800005
2014,bPk,남부14,b약도간벌,잣나무,target_stand: 잣나무<br/>plot_install_year: 2014<br/>region_symbol: 남부14<br/>thinning_intensity: b약도간벌<br/>,cSouth,128.44356603900007,36.89404458700005
2014,bPk,남부14,c강도간벌,잣나무,target_stand: 잣나무<br/>plot_install_year: 2014<br/>region_symbol: 남부14<br/>thinning_intensity: c강도간벌<br/>,cSouth,128.4423371680001,36.89376077600008
2014,bPk,남부03,a무간벌,잣나무,target_stand: 잣나무<br/>plot_install_year: 2014<br/>region_symbol: 남부03<br/>thinning_intensity: a무간벌<br/>,cSouth,129.15749866500005,36.998250503000065
2014,bPk,남부03,b약도간벌,잣나무,target_stand: 잣나무<br/>plot_install_year: 2014<br/>region_symbol: 남부03<br/>thinning_intensity: b약도간벌<br/>,cSouth,129.15850558300008,36.998500284000045
2014,bPk,남부03,c강도간벌,잣나무,target_stand: 잣나무<br/>plot_install_year: 2014<br/>region_symbol: 남부03<br/>thinning_intensity: c강도간벌<br/>,cSouth,129.157750877,36.99862249200004
2014,bPk,남부04,a무간벌,잣나무,target_stand: 잣나무<br/>plot_install_year: 2014<br/>region_symbol: 남부04<br/>thinning_intensity: a무간벌<br/>,cSouth,129.22880996900005,36.984287007000034
2014,bPk,남부04,b약도간벌,잣나무,target_stand: 잣나무<br/>plot_install_year: 2014<br/>region_symbol: 남부04<br/>thinning_intensity: b약도간벌<br/>,cSouth,129.22818509900003,36.98366439900008
2014,bPk,남부04,c강도간벌,잣나무,target_stand: 잣나무<br/>plot_install_year: 2014<br/>region_symbol: 남부04<br/>thinning_intensity: c강도간벌<br/>,cSouth,129.22790003000011,36.983793983000055
2014,bPk,남부11,a무간벌,잣나무,target_stand: 잣나무<br/>plot_install_year: 2014<br/>region_symbol: 남부11<br/>thinning_intensity: a무간벌<br/>,cSouth,129.15190139800006,37.00694806900003
2014,bPk,남부11,b약도간벌,잣나무,target_stand: 잣나무<br/>plot_install_year: 2014<br/>region_symbol: 남부11<br/>thinning_intensity: b약도간벌<br/>,cSouth,129.15278099500006,37.007519966000075
2014,bPk,남부11,c강도간벌,잣나무,target_stand: 잣나무<br/>plot_install_year: 2014<br/>region_symbol: 남부11<br/>thinning_intensity: c강도간벌<br/>,cSouth,129.1524123590001,37.00733447400006
2014,bPk,남부12,a무간벌,잣나무,target_stand: 잣나무<br/>plot_install_year: 2014<br/>region_symbol: 남부12<br/>thinning_intensity: a무간벌<br/>,cSouth,129.16697499300005,36.948405001000026
2014,bPk,남부12,b약도간벌,잣나무,target_stand: 잣나무<br/>plot_install_year: 2014<br/>region_symbol: 남부12<br/>thinning_intensity: b약도간벌<br/>,cSouth,129.16597100900003,36.94823099300004
2014,bPk,남부12,c강도간벌,잣나무,target_stand: 잣나무<br/>plot_install_year: 2014<br/>region_symbol: 남부12<br/>thinning_intensity: c강도간벌<br/>,cSouth,129.16647501300008,36.948377006000044
2014,bPk,남부15,a무간벌,잣나무,target_stand: 잣나무<br/>plot_install_year: 2014<br/>region_symbol: 남부15<br/>thinning_intensity: a무간벌<br/>,cSouth,129.28732956800002,36.890933560000065
2014,bPk,남부15,b약도간벌,잣나무,target_stand: 잣나무<br/>plot_install_year: 2014<br/>region_symbol: 남부15<br/>thinning_intensity: b약도간벌<br/>,cSouth,129.28864619700005,36.890793666000036
2014,bPk,남부15,c강도간벌,잣나무,target_stand: 잣나무<br/>plot_install_year: 2014<br/>region_symbol: 남부15<br/>thinning_intensity: c강도간벌<br/>,cSouth,129.2879534330001,36.89092769300004
2014,bPk,동부01,a무간벌,잣나무,target_stand: 잣나무<br/>plot_install_year: 2014<br/>region_symbol: 동부01<br/>thinning_intensity: a무간벌<br/>,bEast,129.0017971860001,37.12420217700003
2014,bPk,동부01,b약도간벌,잣나무,target_stand: 잣나무<br/>plot_install_year: 2014<br/>region_symbol: 동부01<br/>thinning_intensity: b약도간벌<br/>,bEast,129.00119796400008,37.12450702700005
2014,bPk,동부01,c강도간벌,잣나무,target_stand: 잣나무<br/>plot_install_year: 2014<br/>region_symbol: 동부01<br/>thinning_intensity: c강도간벌<br/>,bEast,129.00163399100006,37.12380001300005
2014,bPk,동부02,a무간벌,잣나무,target_stand: 잣나무<br/>plot_install_year: 2014<br/>region_symbol: 동부02<br/>thinning_intensity: a무간벌<br/>,bEast,128.92851836600005,37.11916268600004
2014,bPk,동부02,b약도간벌,잣나무,target_stand: 잣나무<br/>plot_install_year: 2014<br/>region_symbol: 동부02<br/>thinning_intensity: b약도간벌<br/>,bEast,128.92869371100005,37.119672207000065
2014,bPk,동부02,c강도간벌,잣나무,target_stand: 잣나무<br/>plot_install_year: 2014<br/>region_symbol: 동부02<br/>thinning_intensity: c강도간벌<br/>,bEast,128.92938714800005,37.12009226400005
2014,bPk,동부14,a무간벌,잣나무,target_stand: 잣나무<br/>plot_install_year: 2014<br/>region_symbol: 동부14<br/>thinning_intensity: a무간벌<br/>,bEast,128.9335389900001,37.40746499000005
2014,bPk,동부14,b약도간벌,잣나무,target_stand: 잣나무<br/>plot_install_year: 2014<br/>region_symbol: 동부14<br/>thinning_intensity: b약도간벌<br/>,bEast,128.93363596900008,37.40827803500008
2014,bPk,동부14,c강도간벌,잣나무,target_stand: 잣나무<br/>plot_install_year: 2014<br/>region_symbol: 동부14<br/>thinning_intensity: c강도간벌<br/>,bEast,128.93361803100004,37.40797704100004
2014,bPk,동부03,a무간벌,잣나무,target_stand: 잣나무<br/>plot_install_year: 2014<br/>region_symbol: 동부03<br/>thinning_intensity: a무간벌<br/>,bEast,128.2345849930001,37.304249983000034
2014,bPk,동부03,b약도간벌,잣나무,target_stand: 잣나무<br/>plot_install_year: 2014<br/>region_symbol: 동부03<br/>thinning_intensity: b약도간벌<br/>,bEast,128.23456102000011,37.30379501400006
2014,bPk,동부03,c강도간벌,잣나무,target_stand: 잣나무<br/>plot_install_year: 2014<br/>region_symbol: 동부03<br/>thinning_intensity: c강도간벌<br/>,bEast,128.23404695800002,37.303545987000064
2014,bPk,동부04,a무간벌,잣나무,target_stand: 잣나무<br/>plot_install_year: 2014<br/>region_symbol: 동부04<br/>thinning_intensity: a무간벌<br/>,bEast,128.2375999630001,37.30409299000007
2014,bPk,동부04,b약도간벌,잣나무,target_stand: 잣나무<br/>plot_install_year: 2014<br/>region_symbol: 동부04<br/>thinning_intensity: b약도간벌<br/>,bEast,128.23807999500002,37.30455801800008
2014,bPk,동부04,c강도간벌,잣나무,target_stand: 잣나무<br/>plot_install_year: 2014<br/>region_symbol: 동부04<br/>thinning_intensity: c강도간벌<br/>,bEast,128.23866396200003,37.304838980000056
2014,bPk,동부05,a무간벌,잣나무,target_stand: 잣나무<br/>plot_install_year: 2014<br/>region_symbol: 동부05<br/>thinning_intensity: a무간벌<br/>,bEast,128.28561896500003,37.33878996200008
2014,bPk,동부05,b약도간벌,잣나무,target_stand: 잣나무<br/>plot_install_year: 2014<br/>region_symbol: 동부05<br/>thinning_intensity: b약도간벌<br/>,bEast,128.28576900100006,37.339114007000035
2014,bPk,동부05,c강도간벌,잣나무,target_stand: 잣나무<br/>plot_install_year: 2014<br/>region_symbol: 동부05<br/>thinning_intensity: c강도간벌<br/>,bEast,128.28614300100003,37.33892398900008
2014,bPk,동부06,a무간벌,잣나무,target_stand: 잣나무<br/>plot_install_year: 2014<br/>region_symbol: 동부06<br/>thinning_intensity: a무간벌<br/>,bEast,128.56849201900002,37.35892103100008
2014,bPk,동부06,b약도간벌,잣나무,target_stand: 잣나무<br/>plot_install_year: 2014<br/>region_symbol: 동부06<br/>thinning_intensity: b약도간벌<br/>,bEast,128.56916097900012,37.35895003200005
2014,bPk,동부06,c강도간벌,잣나무,target_stand: 잣나무<br/>plot_install_year: 2014<br/>region_symbol: 동부06<br/>thinning_intensity: c강도간벌<br/>,bEast,128.5692720390001,37.35938698000007
2014,bPk,동부07,a무간벌,잣나무,target_stand: 잣나무<br/>plot_install_year: 2014<br/>region_symbol: 동부07<br/>thinning_intensity: a무간벌<br/>,bEast,128.5874519680001,37.390909977000035
2014,bPk,동부07,b약도간벌,잣나무,target_stand: 잣나무<br/>plot_install_year: 2014<br/>region_symbol: 동부07<br/>thinning_intensity: b약도간벌<br/>,bEast,128.587511983,37.38998201700008
2014,bPk,동부07,c강도간벌,잣나무,target_stand: 잣나무<br/>plot_install_year: 2014<br/>region_symbol: 동부07<br/>thinning_intensity: c강도간벌<br/>,bEast,128.58746830200005,37.39036665100008
2014,bPk,동부08,a무간벌,잣나무,target_stand: 잣나무<br/>plot_install_year: 2014<br/>region_symbol: 동부08<br/>thinning_intensity: a무간벌<br/>,bEast,128.5240773170001,37.40850231400003
2014,bPk,동부08,b약도간벌,잣나무,target_stand: 잣나무<br/>plot_install_year: 2014<br/>region_symbol: 동부08<br/>thinning_intensity: b약도간벌<br/>,bEast,128.5239382950001,37.409055471000045
2014,bPk,동부08,c강도간벌,잣나무,target_stand: 잣나무<br/>plot_install_year: 2014<br/>region_symbol: 동부08<br/>thinning_intensity: c강도간벌<br/>,bEast,128.52429275500003,37.40810000600004
2014,bPk,동부09,a무간벌,잣나무,target_stand: 잣나무<br/>plot_install_year: 2014<br/>region_symbol: 동부09<br/>thinning_intensity: a무간벌<br/>,bEast,128.44962760600004,37.65759242200005
2014,bPk,동부09,b약도간벌,잣나무,target_stand: 잣나무<br/>plot_install_year: 2014<br/>region_symbol: 동부09<br/>thinning_intensity: b약도간벌<br/>,bEast,128.44977892800011,37.65732325600004
2014,bPk,동부09,c강도간벌,잣나무,target_stand: 잣나무<br/>plot_install_year: 2014<br/>region_symbol: 동부09<br/>thinning_intensity: c강도간벌<br/>,bEast,128.44933999700004,37.65750202300006
2014,bPk,동부10,a무간벌,잣나무,target_stand: 잣나무<br/>plot_install_year: 2014<br/>region_symbol: 동부10<br/>thinning_intensity: a무간벌<br/>,bEast,128.4453939650001,37.65703397800007
2014,bPk,동부10,b약도간벌,잣나무,target_stand: 잣나무<br/>plot_install_year: 2014<br/>region_symbol: 동부10<br/>thinning_intensity: b약도간벌<br/>,bEast,128.4449359770001,37.65691897800008
2014,bPk,동부10,c강도간벌,잣나무,target_stand: 잣나무<br/>plot_install_year: 2014<br/>region_symbol: 동부10<br/>thinning_intensity: c강도간벌<br/>,bEast,128.44338800800006,37.65727504200004
2014,bPk,동부11,a무간벌,잣나무,target_stand: 잣나무<br/>plot_install_year: 2014<br/>region_symbol: 동부11<br/>thinning_intensity: a무간벌<br/>,bEast,128.45655497200005,37.66656101700005
2014,bPk,동부11,b약도간벌,잣나무,target_stand: 잣나무<br/>plot_install_year: 2014<br/>region_symbol: 동부11<br/>thinning_intensity: b약도간벌<br/>,bEast,128.45704196000008,37.66711296500006
2014,bPk,동부11,c강도간벌,잣나무,target_stand: 잣나무<br/>plot_install_year: 2014<br/>region_symbol: 동부11<br/>thinning_intensity: c강도간벌<br/>,bEast,128.45831802100008,37.66748797100007
2014,bPk,동부12,a무간벌,잣나무,target_stand: 잣나무<br/>plot_install_year: 2014<br/>region_symbol: 동부12<br/>thinning_intensity: a무간벌<br/>,bEast,128.30731376100005,37.503097393000075
2014,bPk,동부12,b약도간벌,잣나무,target_stand: 잣나무<br/>plot_install_year: 2014<br/>region_symbol: 동부12<br/>thinning_intensity: b약도간벌<br/>,bEast,128.3071615450001,37.50386903100008
2014,bPk,동부12,c강도간벌,잣나무,target_stand: 잣나무<br/>plot_install_year: 2014<br/>region_symbol: 동부12<br/>thinning_intensity: c강도간벌<br/>,bEast,128.3068700230001,37.504535057000055
2014,bPk,동부13,a무간벌,잣나무,target_stand: 잣나무<br/>plot_install_year: 2014<br/>region_symbol: 동부13<br/>thinning_intensity: a무간벌<br/>,bEast,128.5022840370001,37.382807024000044
2014,bPk,동부13,b약도간벌,잣나무,target_stand: 잣나무<br/>plot_install_year: 2014<br/>region_symbol: 동부13<br/>thinning_intensity: b약도간벌<br/>,bEast,128.50227599000004,37.383095026000035
2014,bPk,동부13,c강도간벌,잣나무,target_stand: 잣나무<br/>plot_install_year: 2014<br/>region_symbol: 동부13<br/>thinning_intensity: c강도간벌<br/>,bEast,128.50243197700001,37.38289101000004
2014,bPk,동부15,a무간벌,잣나무,target_stand: 잣나무<br/>plot_install_year: 2014<br/>region_symbol: 동부15<br/>thinning_intensity: a무간벌<br/>,bEast,129.02300700500007,37.20923499200006
2014,bPk,동부15,b약도간벌,잣나무,target_stand: 잣나무<br/>plot_install_year: 2014<br/>region_symbol: 동부15<br/>thinning_intensity: b약도간벌<br/>,bEast,129.022752028,37.20932601900006
2014,bPk,동부15,c강도간벌,잣나무,target_stand: 잣나무<br/>plot_install_year: 2014<br/>region_symbol: 동부15<br/>thinning_intensity: c강도간벌<br/>,bEast,129.0229769980001,37.20956699900006
2014,aPd,북부01,a무간벌,소나무,target_stand: 소나무<br/>plot_install_year: 2014<br/>region_symbol: 북부01<br/>thinning_intensity: a무간벌<br/>,aNorth,128.09258499200007,38.08850702800004
2014,aPd,북부01,b약도간벌,소나무,target_stand: 소나무<br/>plot_install_year: 2014<br/>region_symbol: 북부01<br/>thinning_intensity: b약도간벌<br/>,aNorth,128.09189499400009,38.08864600000004
2014,aPd,북부01,c강도간벌,소나무,target_stand: 소나무<br/>plot_install_year: 2014<br/>region_symbol: 북부01<br/>thinning_intensity: c강도간벌<br/>,aNorth,128.09197202300004,38.08909895800008
2014,aPd,북부02,a무간벌,소나무,target_stand: 소나무<br/>plot_install_year: 2014<br/>region_symbol: 북부02<br/>thinning_intensity: a무간벌<br/>,aNorth,127.94151099400005,38.11370302900008
2014,aPd,북부02,b약도간벌,소나무,target_stand: 소나무<br/>plot_install_year: 2014<br/>region_symbol: 북부02<br/>thinning_intensity: b약도간벌<br/>,aNorth,127.94172498400007,38.114663009000026
2014,aPd,북부02,c강도간벌,소나무,target_stand: 소나무<br/>plot_install_year: 2014<br/>region_symbol: 북부02<br/>thinning_intensity: c강도간벌<br/>,aNorth,127.94146799500004,38.11415003600007
2014,NA,북부01,a무간벌,굴참나무,target_stand: 굴참나무<br/>plot_install_year: 2014<br/>region_symbol: 북부01<br/>thinning_intensity: a무간벌<br/>,aNorth,128.05727396200007,38.06631702900006
2014,NA,북부01,b약도간벌,굴참나무,target_stand: 굴참나무<br/>plot_install_year: 2014<br/>region_symbol: 북부01<br/>thinning_intensity: b약도간벌<br/>,aNorth,128.0566839590001,38.06674098600007
2014,NA,북부01,c강도간벌,굴참나무,target_stand: 굴참나무<br/>plot_install_year: 2014<br/>region_symbol: 북부01<br/>thinning_intensity: c강도간벌<br/>,aNorth,128.05633200300008,38.067116998000074
2014,NA,북부02,a무간벌,굴참나무,target_stand: 굴참나무<br/>plot_install_year: 2014<br/>region_symbol: 북부02<br/>thinning_intensity: a무간벌<br/>,aNorth,128.06431903500004,38.07323997800006
2014,NA,북부02,b약도간벌,굴참나무,target_stand: 굴참나무<br/>plot_install_year: 2014<br/>region_symbol: 북부02<br/>thinning_intensity: b약도간벌<br/>,aNorth,128.06348897500004,38.07314300000007
2014,NA,북부02,c강도간벌,굴참나무,target_stand: 굴참나무<br/>plot_install_year: 2014<br/>region_symbol: 북부02<br/>thinning_intensity: c강도간벌<br/>,aNorth,128.06376398500004,38.07339403800006
2014,aPd,북부03,a무간벌,소나무,target_stand: 소나무<br/>plot_install_year: 2014<br/>region_symbol: 북부03<br/>thinning_intensity: a무간벌<br/>,aNorth,127.78990499700001,38.001279999000076
2014,aPd,북부03,b약도간벌,소나무,target_stand: 소나무<br/>plot_install_year: 2014<br/>region_symbol: 북부03<br/>thinning_intensity: b약도간벌<br/>,aNorth,127.78950601800011,38.00118897100003
2014,aPd,북부03,c강도간벌,소나무,target_stand: 소나무<br/>plot_install_year: 2014<br/>region_symbol: 북부03<br/>thinning_intensity: c강도간벌<br/>,aNorth,127.79004598000006,38.00164997600007
2014,NA,북부03,a무간벌,굴참나무,target_stand: 굴참나무<br/>plot_install_year: 2014<br/>region_symbol: 북부03<br/>thinning_intensity: a무간벌<br/>,aNorth,127.8298109860001,38.081401018000065
2014,NA,북부03,b약도간벌,굴참나무,target_stand: 굴참나무<br/>plot_install_year: 2014<br/>region_symbol: 북부03<br/>thinning_intensity: b약도간벌<br/>,aNorth,127.82977896700004,38.081632024000044
2014,NA,북부03,c강도간벌,굴참나무,target_stand: 굴참나무<br/>plot_install_year: 2014<br/>region_symbol: 북부03<br/>thinning_intensity: c강도간벌<br/>,aNorth,127.82932567400007,38.08130010000008
2014,NA,북부07,a무간벌,굴참나무,target_stand: 굴참나무<br/>plot_install_year: 2014<br/>region_symbol: 북부07<br/>thinning_intensity: a무간벌<br/>,aNorth,127.54907900500007,37.800756963000026
2014,NA,북부07,b약도간벌,굴참나무,target_stand: 굴참나무<br/>plot_install_year: 2014<br/>region_symbol: 북부07<br/>thinning_intensity: b약도간벌<br/>,aNorth,127.54973711800005,37.80049847600003
2014,NA,북부07,c강도간벌,굴참나무,target_stand: 굴참나무<br/>plot_install_year: 2014<br/>region_symbol: 북부07<br/>thinning_intensity: c강도간벌<br/>,aNorth,127.54975198800003,37.80078697000005
2014,aPd,북부04,a무간벌,소나무,target_stand: 소나무<br/>plot_install_year: 2014<br/>region_symbol: 북부04<br/>thinning_intensity: a무간벌<br/>,aNorth,128.2815870180001,38.07700697300004
2014,aPd,북부04,b약도간벌,소나무,target_stand: 소나무<br/>plot_install_year: 2014<br/>region_symbol: 북부04<br/>thinning_intensity: b약도간벌<br/>,aNorth,128.28176597100003,38.07730997900006
2014,aPd,북부04,c강도간벌,소나무,target_stand: 소나무<br/>plot_install_year: 2014<br/>region_symbol: 북부04<br/>thinning_intensity: c강도간벌<br/>,aNorth,128.28120203700007,38.076737998000056
2014,aPd,북부05,a무간벌,소나무,target_stand: 소나무<br/>plot_install_year: 2014<br/>region_symbol: 북부05<br/>thinning_intensity: a무간벌<br/>,aNorth,128.13472802700005,38.14049502800003
2014,aPd,북부05,b약도간벌,소나무,target_stand: 소나무<br/>plot_install_year: 2014<br/>region_symbol: 북부05<br/>thinning_intensity: b약도간벌<br/>,aNorth,128.13454798400005,38.13970796800004
2014,aPd,북부05,c강도간벌,소나무,target_stand: 소나무<br/>plot_install_year: 2014<br/>region_symbol: 북부05<br/>thinning_intensity: c강도간벌<br/>,aNorth,128.1345179770001,38.13998498900003
2014,aPd,북부06,a무간벌,소나무,target_stand: 소나무<br/>plot_install_year: 2014<br/>region_symbol: 북부06<br/>thinning_intensity: a무간벌<br/>,aNorth,128.31971797200003,38.083705036000026
2014,aPd,북부06,b약도간벌,소나무,target_stand: 소나무<br/>plot_install_year: 2014<br/>region_symbol: 북부06<br/>thinning_intensity: b약도간벌<br/>,aNorth,128.31999499300002,38.085409999000035
2014,aPd,북부06,c강도간벌,소나무,target_stand: 소나무<br/>plot_install_year: 2014<br/>region_symbol: 북부06<br/>thinning_intensity: c강도간벌<br/>,aNorth,128.3196670100001,38.08419403600004
2014,NA,북부04,a무간벌,굴참나무,target_stand: 굴참나무<br/>plot_install_year: 2014<br/>region_symbol: 북부04<br/>thinning_intensity: a무간벌<br/>,aNorth,128.1744460110001,38.01843700000006
2014,NA,북부04,b약도간벌,굴참나무,target_stand: 굴참나무<br/>plot_install_year: 2014<br/>region_symbol: 북부04<br/>thinning_intensity: b약도간벌<br/>,aNorth,128.17466970200007,38.01829998000005
2014,NA,북부04,c강도간벌,굴참나무,target_stand: 굴참나무<br/>plot_install_year: 2014<br/>region_symbol: 북부04<br/>thinning_intensity: c강도간벌<br/>,aNorth,128.1739330380001,38.01845300900004
2014,aPd,북부07,a무간벌,소나무,target_stand: 소나무<br/>plot_install_year: 2014<br/>region_symbol: 북부07<br/>thinning_intensity: a무간벌<br/>,aNorth,128.27362001900008,37.71282400900003
2014,aPd,북부07,b약도간벌,소나무,target_stand: 소나무<br/>plot_install_year: 2014<br/>region_symbol: 북부07<br/>thinning_intensity: b약도간벌<br/>,aNorth,128.27295097500007,37.71311201200007
2014,aPd,북부07,c강도간벌,소나무,target_stand: 소나무<br/>plot_install_year: 2014<br/>region_symbol: 북부07<br/>thinning_intensity: c강도간벌<br/>,aNorth,128.27260396400004,37.71326297000007
2014,aPd,북부08,a무간벌,소나무,target_stand: 소나무<br/>plot_install_year: 2014<br/>region_symbol: 북부08<br/>thinning_intensity: a무간벌<br/>,aNorth,128.19874498100012,37.789300997000055
2014,aPd,북부08,b약도간벌,소나무,target_stand: 소나무<br/>plot_install_year: 2014<br/>region_symbol: 북부08<br/>thinning_intensity: b약도간벌<br/>,aNorth,128.19831297700011,37.789171999000075
2014,aPd,북부08,c강도간벌,소나무,target_stand: 소나무<br/>plot_install_year: 2014<br/>region_symbol: 북부08<br/>thinning_intensity: c강도간벌<br/>,aNorth,128.19891496600007,37.78971296700007
2014,NA,북부05,a무간벌,굴참나무,target_stand: 굴참나무<br/>plot_install_year: 2014<br/>region_symbol: 북부05<br/>thinning_intensity: a무간벌<br/>,aNorth,127.92309503100012,37.802032018000034
2014,NA,북부05,b약도간벌,굴참나무,target_stand: 굴참나무<br/>plot_install_year: 2014<br/>region_symbol: 북부05<br/>thinning_intensity: b약도간벌<br/>,aNorth,127.92342200900009,37.80170504000006
2014,NA,북부05,c강도간벌,굴참나무,target_stand: 굴참나무<br/>plot_install_year: 2014<br/>region_symbol: 북부05<br/>thinning_intensity: c강도간벌<br/>,aNorth,127.92312503800008,37.80195398300003
2014,NA,북부06,a무간벌,굴참나무,target_stand: 굴참나무<br/>plot_install_year: 2014<br/>region_symbol: 북부06<br/>thinning_intensity: a무간벌<br/>,aNorth,127.8005019850001,37.65911000800003
2014,NA,북부06,b약도간벌,굴참나무,target_stand: 굴참나무<br/>plot_install_year: 2014<br/>region_symbol: 북부06<br/>thinning_intensity: b약도간벌<br/>,aNorth,127.80018598800007,37.65851799400008
2014,NA,북부06,c강도간벌,굴참나무,target_stand: 굴참나무<br/>plot_install_year: 2014<br/>region_symbol: 북부06<br/>thinning_intensity: c강도간벌<br/>,aNorth,127.80043903700005,37.658867016000045
2015,aPd,남부01,a무간벌,소나무,target_stand: 소나무<br/>plot_install_year: 2015<br/>region_symbol: 남부01<br/>thinning_intensity: a무간벌<br/>,cSouth,129.32299096100007,36.69052301000005
2015,aPd,남부01,b약도간벌,소나무,target_stand: 소나무<br/>plot_install_year: 2015<br/>region_symbol: 남부01<br/>thinning_intensity: b약도간벌<br/>,cSouth,129.32336303400007,36.690879995000046
2015,aPd,남부01,c강도간벌,소나무,target_stand: 소나무<br/>plot_install_year: 2015<br/>region_symbol: 남부01<br/>thinning_intensity: c강도간벌<br/>,cSouth,129.32261302100005,36.690957025000046
2015,aPd,남부02,a무간벌,소나무,target_stand: 소나무<br/>plot_install_year: 2015<br/>region_symbol: 남부02<br/>thinning_intensity: a무간벌<br/>,cSouth,129.32402000800005,36.690514963000055
2015,aPd,남부02,b약도간벌,소나무,target_stand: 소나무<br/>plot_install_year: 2015<br/>region_symbol: 남부02<br/>thinning_intensity: b약도간벌<br/>,cSouth,129.3244929980001,36.69081201800003
2015,aPd,남부02,c강도간벌,소나무,target_stand: 소나무<br/>plot_install_year: 2015<br/>region_symbol: 남부02<br/>thinning_intensity: c강도간벌<br/>,cSouth,129.3240899970001,36.69075803800007
2015,aPd,남부03,a무간벌,소나무,target_stand: 소나무<br/>plot_install_year: 2015<br/>region_symbol: 남부03<br/>thinning_intensity: a무간벌<br/>,cSouth,129.3589570370001,36.770530036000025
2015,aPd,남부03,b약도간벌,소나무,target_stand: 소나무<br/>plot_install_year: 2015<br/>region_symbol: 남부03<br/>thinning_intensity: b약도간벌<br/>,cSouth,129.359501023,36.77010498900006
2015,aPd,남부03,c강도간벌,소나무,target_stand: 소나무<br/>plot_install_year: 2015<br/>region_symbol: 남부03<br/>thinning_intensity: c강도간벌<br/>,cSouth,129.35925199700011,36.77041696400005
2015,aPd,남부04,a무간벌,소나무,target_stand: 소나무<br/>plot_install_year: 2015<br/>region_symbol: 남부04<br/>thinning_intensity: a무간벌<br/>,cSouth,129.36863604000007,36.771140993000074
2015,aPd,남부04,b약도간벌,소나무,target_stand: 소나무<br/>plot_install_year: 2015<br/>region_symbol: 남부04<br/>thinning_intensity: b약도간벌<br/>,cSouth,129.36834099700002,36.77090898200004
2015,aPd,남부04,c강도간벌,소나무,target_stand: 소나무<br/>plot_install_year: 2015<br/>region_symbol: 남부04<br/>thinning_intensity: c강도간벌<br/>,cSouth,129.3686249760001,36.77080999100008
2015,aPd,남부05,a무간벌,소나무,target_stand: 소나무<br/>plot_install_year: 2015<br/>region_symbol: 남부05<br/>thinning_intensity: a무간벌<br/>,cSouth,129.36706803700008,36.77031797400008
2015,aPd,남부05,b약도간벌,소나무,target_stand: 소나무<br/>plot_install_year: 2015<br/>region_symbol: 남부05<br/>thinning_intensity: b약도간벌<br/>,cSouth,129.3671899940001,36.770461975000046
2015,aPd,남부05,c강도간벌,소나무,target_stand: 소나무<br/>plot_install_year: 2015<br/>region_symbol: 남부05<br/>thinning_intensity: c강도간벌<br/>,cSouth,129.36768000000006,36.770173972000066
2015,aPd,남부06,a무간벌,소나무,target_stand: 소나무<br/>plot_install_year: 2015<br/>region_symbol: 남부06<br/>thinning_intensity: a무간벌<br/>,cSouth,129.22935596700006,36.98155400300004
2015,aPd,남부06,b약도간벌,소나무,target_stand: 소나무<br/>plot_install_year: 2015<br/>region_symbol: 남부06<br/>thinning_intensity: b약도간벌<br/>,cSouth,129.22936703100004,36.98176296400004
2015,aPd,남부06,c강도간벌,소나무,target_stand: 소나무<br/>plot_install_year: 2015<br/>region_symbol: 남부06<br/>thinning_intensity: c강도간벌<br/>,cSouth,129.2292449900001,36.98225297000005
2015,aPd,남부07,a무간벌,소나무,target_stand: 소나무<br/>plot_install_year: 2015<br/>region_symbol: 남부07<br/>thinning_intensity: a무간벌<br/>,cSouth,129.14981698600002,36.891867975000025
2015,aPd,남부07,b약도간벌,소나무,target_stand: 소나무<br/>plot_install_year: 2015<br/>region_symbol: 남부07<br/>thinning_intensity: b약도간벌<br/>,cSouth,129.149907008,36.89166303700006
2015,aPd,남부07,c강도간벌,소나무,target_stand: 소나무<br/>plot_install_year: 2015<br/>region_symbol: 남부07<br/>thinning_intensity: c강도간벌<br/>,cSouth,129.15016299100012,36.89137604100006
2015,aPd,남부08,a무간벌,소나무,target_stand: 소나무<br/>plot_install_year: 2015<br/>region_symbol: 남부08<br/>thinning_intensity: a무간벌<br/>,cSouth,128.9812839870001,36.78454700900005
2015,aPd,남부08,b약도간벌,소나무,target_stand: 소나무<br/>plot_install_year: 2015<br/>region_symbol: 남부08<br/>thinning_intensity: b약도간벌<br/>,cSouth,128.9805625570001,36.784406528000034
2015,aPd,남부08,c강도간벌,소나무,target_stand: 소나무<br/>plot_install_year: 2015<br/>region_symbol: 남부08<br/>thinning_intensity: c강도간벌<br/>,cSouth,128.98085542,36.78446293800005
2015,aPd,남부09,a무간벌,소나무,target_stand: 소나무<br/>plot_install_year: 2015<br/>region_symbol: 남부09<br/>thinning_intensity: a무간벌<br/>,cSouth,128.9294894410001,36.96162083200005
2015,aPd,남부09,b약도간벌,소나무,target_stand: 소나무<br/>plot_install_year: 2015<br/>region_symbol: 남부09<br/>thinning_intensity: b약도간벌<br/>,cSouth,128.92955297600008,36.96218594000004
2015,aPd,남부09,c강도간벌,소나무,target_stand: 소나무<br/>plot_install_year: 2015<br/>region_symbol: 남부09<br/>thinning_intensity: c강도간벌<br/>,cSouth,128.92972581100003,36.96172392900007
2015,aPd,남부10,a무간벌,소나무,target_stand: 소나무<br/>plot_install_year: 2015<br/>region_symbol: 남부10<br/>thinning_intensity: a무간벌<br/>,cSouth,128.79537496700004,36.95248698800003
2015,aPd,남부10,b약도간벌,소나무,target_stand: 소나무<br/>plot_install_year: 2015<br/>region_symbol: 남부10<br/>thinning_intensity: b약도간벌<br/>,cSouth,128.7952619790001,36.95224198500006
2015,aPd,남부10,c강도간벌,소나무,target_stand: 소나무<br/>plot_install_year: 2015<br/>region_symbol: 남부10<br/>thinning_intensity: c강도간벌<br/>,cSouth,128.79498596300004,36.95232002100005
2015,aPd,남부11,a무간벌,소나무,target_stand: 소나무<br/>plot_install_year: 2015<br/>region_symbol: 남부11<br/>thinning_intensity: a무간벌<br/>,cSouth,129.18979103700008,36.662613032000024
2015,aPd,남부11,b약도간벌,소나무,target_stand: 소나무<br/>plot_install_year: 2015<br/>region_symbol: 남부11<br/>thinning_intensity: b약도간벌<br/>,cSouth,129.19001600700005,36.66318501300003
2015,aPd,남부11,c강도간벌,소나무,target_stand: 소나무<br/>plot_install_year: 2015<br/>region_symbol: 남부11<br/>thinning_intensity: c강도간벌<br/>,cSouth,129.18986898800006,36.66287102700005
2015,aPd,남부12,a무간벌,소나무,target_stand: 소나무<br/>plot_install_year: 2015<br/>region_symbol: 남부12<br/>thinning_intensity: a무간벌<br/>,cSouth,129.18702199100005,36.660185969000054
2015,aPd,남부12,b약도간벌,소나무,target_stand: 소나무<br/>plot_install_year: 2015<br/>region_symbol: 남부12<br/>thinning_intensity: b약도간벌<br/>,cSouth,129.18767896500003,36.66045703900005
2015,aPd,남부12,c강도간벌,소나무,target_stand: 소나무<br/>plot_install_year: 2015<br/>region_symbol: 남부12<br/>thinning_intensity: c강도간벌<br/>,cSouth,129.1875710060001,36.660134001000074
2015,aPd,남부13,a무간벌,소나무,target_stand: 소나무<br/>plot_install_year: 2015<br/>region_symbol: 남부13<br/>thinning_intensity: a무간벌<br/>,cSouth,129.2745507410001,36.767311378000045
2015,aPd,남부13,b약도간벌,소나무,target_stand: 소나무<br/>plot_install_year: 2015<br/>region_symbol: 남부13<br/>thinning_intensity: b약도간벌<br/>,cSouth,129.27327596600003,36.768204980000064
2015,aPd,남부13,c강도간벌,소나무,target_stand: 소나무<br/>plot_install_year: 2015<br/>region_symbol: 남부13<br/>thinning_intensity: c강도간벌<br/>,cSouth,129.27411097100003,36.76774699200007
2015,aPd,남부14,a무간벌,소나무,target_stand: 소나무<br/>plot_install_year: 2015<br/>region_symbol: 남부14<br/>thinning_intensity: a무간벌<br/>,cSouth,129.18742700500002,36.78582499700008
2015,aPd,남부14,b약도간벌,소나무,target_stand: 소나무<br/>plot_install_year: 2015<br/>region_symbol: 남부14<br/>thinning_intensity: b약도간벌<br/>,cSouth,129.1869879610001,36.78494104200007
2015,aPd,남부14,c강도간벌,소나무,target_stand: 소나무<br/>plot_install_year: 2015<br/>region_symbol: 남부14<br/>thinning_intensity: c강도간벌<br/>,cSouth,129.188111111,36.78513888900005
2015,aPd,남부15,a무간벌,소나무,target_stand: 소나무<br/>plot_install_year: 2015<br/>region_symbol: 남부15<br/>thinning_intensity: a무간벌<br/>,cSouth,129.18837902100006,36.76203397100005
2015,aPd,남부15,b약도간벌,소나무,target_stand: 소나무<br/>plot_install_year: 2015<br/>region_symbol: 남부15<br/>thinning_intensity: b약도간벌<br/>,cSouth,129.18826301600006,36.76220797900004
2015,aPd,남부15,c강도간벌,소나무,target_stand: 소나무<br/>plot_install_year: 2015<br/>region_symbol: 남부15<br/>thinning_intensity: c강도간벌<br/>,cSouth,129.1880480200001,36.76263998300004
2015,aPd,동부01,a무간벌,소나무,target_stand: 소나무<br/>plot_install_year: 2015<br/>region_symbol: 동부01<br/>thinning_intensity: a무간벌<br/>,bEast,129.0384739640001,37.26518696200003
2015,aPd,동부01,b약도간벌,소나무,target_stand: 소나무<br/>plot_install_year: 2015<br/>region_symbol: 동부01<br/>thinning_intensity: b약도간벌<br/>,bEast,129.0390339590001,37.265902022000034
2015,aPd,동부01,c강도간벌,소나무,target_stand: 소나무<br/>plot_install_year: 2015<br/>region_symbol: 동부01<br/>thinning_intensity: c강도간벌<br/>,bEast,129.03859399300006,37.26577998100004
2015,aPd,동부02,a무간벌,소나무,target_stand: 소나무<br/>plot_install_year: 2015<br/>region_symbol: 동부02<br/>thinning_intensity: a무간벌<br/>,bEast,129.03769101000012,37.26776096000003
2015,aPd,동부02,b약도간벌,소나무,target_stand: 소나무<br/>plot_install_year: 2015<br/>region_symbol: 동부02<br/>thinning_intensity: b약도간벌<br/>,bEast,129.03694300900008,37.26758502400003
2015,aPd,동부02,c강도간벌,소나무,target_stand: 소나무<br/>plot_install_year: 2015<br/>region_symbol: 동부02<br/>thinning_intensity: c강도간벌<br/>,bEast,129.03731902100003,37.26757102600004
2015,aPd,동부03,a무간벌,소나무,target_stand: 소나무<br/>plot_install_year: 2015<br/>region_symbol: 동부03<br/>thinning_intensity: a무간벌<br/>,bEast,128.921331,37.38444300400005
2015,aPd,동부03,b약도간벌,소나무,target_stand: 소나무<br/>plot_install_year: 2015<br/>region_symbol: 동부03<br/>thinning_intensity: b약도간벌<br/>,bEast,128.92156401600005,37.384218033000025
2015,aPd,동부03,c강도간벌,소나무,target_stand: 소나무<br/>plot_install_year: 2015<br/>region_symbol: 동부03<br/>thinning_intensity: c강도간벌<br/>,bEast,128.92113695900002,37.384645008000064
2015,aPd,동부04,a무간벌,소나무,target_stand: 소나무<br/>plot_install_year: 2015<br/>region_symbol: 동부04<br/>thinning_intensity: a무간벌<br/>,bEast,128.92082599000003,37.38478004000007
2015,aPd,동부04,b약도간벌,소나무,target_stand: 소나무<br/>plot_install_year: 2015<br/>region_symbol: 동부04<br/>thinning_intensity: b약도간벌<br/>,bEast,128.92036096200002,37.38514901100007
2015,aPd,동부04,c강도간벌,소나무,target_stand: 소나무<br/>plot_install_year: 2015<br/>region_symbol: 동부04<br/>thinning_intensity: c강도간벌<br/>,bEast,128.92081903300004,37.384934016000045
2015,aPd,동부05,a무간벌,소나무,target_stand: 소나무<br/>plot_install_year: 2015<br/>region_symbol: 동부05<br/>thinning_intensity: a무간벌<br/>,bEast,128.54585099000008,38.09645399500005
2015,aPd,동부05,b약도간벌,소나무,target_stand: 소나무<br/>plot_install_year: 2015<br/>region_symbol: 동부05<br/>thinning_intensity: b약도간벌<br/>,bEast,128.546264973,38.096425999000076
2015,aPd,동부05,c강도간벌,소나무,target_stand: 소나무<br/>plot_install_year: 2015<br/>region_symbol: 동부05<br/>thinning_intensity: c강도간벌<br/>,bEast,128.54669001900004,38.09640898400005
2015,aPd,동부07,a무간벌,소나무,target_stand: 소나무<br/>plot_install_year: 2015<br/>region_symbol: 동부07<br/>thinning_intensity: a무간벌<br/>,bEast,128.4884389770001,38.31090599300006
2015,aPd,동부07,b약도간벌,소나무,target_stand: 소나무<br/>plot_install_year: 2015<br/>region_symbol: 동부07<br/>thinning_intensity: b약도간벌<br/>,bEast,128.48862121800005,38.311250028000075
2015,aPd,동부07,c강도간벌,소나무,target_stand: 소나무<br/>plot_install_year: 2015<br/>region_symbol: 동부07<br/>thinning_intensity: c강도간벌<br/>,bEast,128.48785441500002,38.31096145200007
2015,aPd,동부06,a무간벌,소나무,target_stand: 소나무<br/>plot_install_year: 2015<br/>region_symbol: 동부06<br/>thinning_intensity: a무간벌<br/>,bEast,128.814103143,37.521202835000054
2015,aPd,동부06,c강도간벌,소나무,target_stand: 소나무<br/>plot_install_year: 2015<br/>region_symbol: 동부06<br/>thinning_intensity: c강도간벌<br/>,bEast,128.81446130400002,37.52130706400004
2015,aPd,동부06,b약도간벌,소나무,target_stand: 소나무<br/>plot_install_year: 2015<br/>region_symbol: 동부06<br/>thinning_intensity: b약도간벌<br/>,bEast,128.81526011000005,37.52045614600007
2015,aPd,동부08,a무간벌,소나무,target_stand: 소나무<br/>plot_install_year: 2015<br/>region_symbol: 동부08<br/>thinning_intensity: a무간벌<br/>,bEast,128.80383946200004,37.64555885600004
2015,aPd,동부08,b약도간벌,소나무,target_stand: 소나무<br/>plot_install_year: 2015<br/>region_symbol: 동부08<br/>thinning_intensity: b약도간벌<br/>,bEast,128.8035741960001,37.64613981200006
2015,aPd,동부08,c강도간벌,소나무,target_stand: 소나무<br/>plot_install_year: 2015<br/>region_symbol: 동부08<br/>thinning_intensity: c강도간벌<br/>,bEast,128.80384378600002,37.64587704200005
2015,bPk,북부01,a무간벌,잣나무,target_stand: 잣나무<br/>plot_install_year: 2015<br/>region_symbol: 북부01<br/>thinning_intensity: a무간벌<br/>,aNorth,128.36545600600004,38.24003096700005
2015,bPk,북부01,b약도간벌,잣나무,target_stand: 잣나무<br/>plot_install_year: 2015<br/>region_symbol: 북부01<br/>thinning_intensity: b약도간벌<br/>,aNorth,128.36512178200007,38.24051349400003
2015,bPk,북부01,c강도간벌,잣나무,target_stand: 잣나무<br/>plot_install_year: 2015<br/>region_symbol: 북부01<br/>thinning_intensity: c강도간벌<br/>,aNorth,128.36542499300003,38.24033397200003
2017,bPk,동부01,a무간벌,잣나무,target_stand: 잣나무<br/>plot_install_year: 2017<br/>region_symbol: 동부01<br/>thinning_intensity: a무간벌<br/>,bEast,128.6248456500001,37.60326859500003
2017,bPk,동부01,b약도간벌,잣나무,target_stand: 잣나무<br/>plot_install_year: 2017<br/>region_symbol: 동부01<br/>thinning_intensity: b약도간벌<br/>,bEast,128.6258165260001,37.60369925800006
2017,bPk,동부01,c강도간벌,잣나무,target_stand: 잣나무<br/>plot_install_year: 2017<br/>region_symbol: 동부01<br/>thinning_intensity: c강도간벌<br/>,bEast,128.62544462100004,37.60342491800003
2017,bPk,동부02,a무간벌,잣나무,target_stand: 잣나무<br/>plot_install_year: 2017<br/>region_symbol: 동부02<br/>thinning_intensity: a무간벌<br/>,bEast,128.80485699500002,37.12645003600005
2017,bPk,동부02,b약도간벌,잣나무,target_stand: 잣나무<br/>plot_install_year: 2017<br/>region_symbol: 동부02<br/>thinning_intensity: b약도간벌<br/>,bEast,128.80516603600006,37.12637996300003
2017,bPk,동부02,c강도간벌,잣나무,target_stand: 잣나무<br/>plot_install_year: 2017<br/>region_symbol: 동부02<br/>thinning_intensity: c강도간벌<br/>,bEast,128.80434201100002,37.12649404100006
2017,bPk,동부03,a무간벌,잣나무,target_stand: 잣나무<br/>plot_install_year: 2017<br/>region_symbol: 동부03<br/>thinning_intensity: a무간벌<br/>,bEast,128.88347698400003,37.16089001900008
2017,bPk,동부03,b약도간벌,잣나무,target_stand: 잣나무<br/>plot_install_year: 2017<br/>region_symbol: 동부03<br/>thinning_intensity: b약도간벌<br/>,bEast,128.8834710330001,37.160037998000064
2017,bPk,동부03,c강도간벌,잣나무,target_stand: 잣나무<br/>plot_install_year: 2017<br/>region_symbol: 동부03<br/>thinning_intensity: c강도간벌<br/>,bEast,128.88413001800006,37.15963801400005
2017,bPk,동부04,a무간벌,잣나무,target_stand: 잣나무<br/>plot_install_year: 2017<br/>region_symbol: 동부04<br/>thinning_intensity: a무간벌<br/>,bEast,128.65130698300004,37.94957497200005
2017,bPk,동부04,b약도간벌,잣나무,target_stand: 잣나무<br/>plot_install_year: 2017<br/>region_symbol: 동부04<br/>thinning_intensity: b약도간벌<br/>,bEast,128.65211399300006,37.949612020000075
2017,bPk,동부04,c강도간벌,잣나무,target_stand: 잣나무<br/>plot_install_year: 2017<br/>region_symbol: 동부04<br/>thinning_intensity: c강도간벌<br/>,bEast,128.65185700400002,37.94995903000006
2017,bPk,동부05,a무간벌,잣나무,target_stand: 잣나무<br/>plot_install_year: 2017<br/>region_symbol: 동부05<br/>thinning_intensity: a무간벌<br/>,bEast,128.53258797,37.903161021000074
2017,bPk,동부05,b약도간벌,잣나무,target_stand: 잣나무<br/>plot_install_year: 2017<br/>region_symbol: 동부05<br/>thinning_intensity: b약도간벌<br/>,bEast,128.5321790170001,37.90269800500005
2017,bPk,동부05,c강도간벌,잣나무,target_stand: 잣나무<br/>plot_install_year: 2017<br/>region_symbol: 동부05<br/>thinning_intensity: c강도간벌<br/>,bEast,128.5314389780001,37.90310402400007
2018,aPd,동부01,a무간벌,소나무,target_stand: 소나무<br/>plot_install_year: 2018<br/>region_symbol: 동부01<br/>thinning_intensity: a무간벌<br/>,bEast,129.30421700700003,37.21952503500006
2018,aPd,동부01,b약도간벌,소나무,target_stand: 소나무<br/>plot_install_year: 2018<br/>region_symbol: 동부01<br/>thinning_intensity: b약도간벌<br/>,bEast,129.3042040150001,37.219092026000055
2018,aPd,동부01,c강도간벌,소나무,target_stand: 소나무<br/>plot_install_year: 2018<br/>region_symbol: 동부01<br/>thinning_intensity: c강도간벌<br/>,bEast,129.3044667040001,37.219283301000075
2018,aPd,동부02,a무간벌,소나무,target_stand: 소나무<br/>plot_install_year: 2018<br/>region_symbol: 동부02<br/>thinning_intensity: a무간벌<br/>,bEast,129.30385499300007,37.212485997000044
2018,aPd,동부02,b약도간벌,소나무,target_stand: 소나무<br/>plot_install_year: 2018<br/>region_symbol: 동부02<br/>thinning_intensity: b약도간벌<br/>,bEast,129.30316197700006,37.21240201000006
2018,aPd,동부02,c강도간벌,소나무,target_stand: 소나무<br/>plot_install_year: 2018<br/>region_symbol: 동부02<br/>thinning_intensity: c강도간벌<br/>,bEast,129.3033430260001,37.212465964000046
2018,aPd,동부03,a무간벌,소나무,target_stand: 소나무<br/>plot_install_year: 2018<br/>region_symbol: 동부03<br/>thinning_intensity: a무간벌<br/>,bEast,129.2426469830001,37.30844596400004
2018,aPd,동부03,b약도간벌,소나무,target_stand: 소나무<br/>plot_install_year: 2018<br/>region_symbol: 동부03<br/>thinning_intensity: b약도간벌<br/>,bEast,129.24189697000008,37.308656015000054
2018,aPd,동부03,c강도간벌,소나무,target_stand: 소나무<br/>plot_install_year: 2018<br/>region_symbol: 동부03<br/>thinning_intensity: c강도간벌<br/>,bEast,129.24202898500005,37.30853699100004
